File;Date;Type;NbAlignedChar
fr_monograph\1.txt;1859;monograph;165389
fr_monograph\2.txt;1864;monograph;73340
fr_monograph\3.txt;1861;monograph;71530
fr_monograph\4.txt;1857;monograph;161566
fr_monograph\5.txt;1752;monograph;191998
fr_monograph\6.txt;1883;monograph;31640
fr_monograph\7.txt;1876;monograph;105119
fr_monograph\8.txt;1783;monograph;157154
fr_monograph\9.txt;1761;monograph;45658
fr_monograph\10.txt;1854;monograph;163052
fr_monograph\11.txt;1765;monograph;126612
fr_monograph\12.txt;1860;monograph;100884
fr_monograph\13.txt;1689;monograph;90728
fr_monograph\14.txt;1804;monograph;52351
fr_monograph\15.txt;1867;monograph;19467
fr_monograph\16.txt;1758;monograph;141150
fr_monograph\17.txt;1781;monograph;68597
fr_monograph\18.txt;1755;monograph;74352
eng_monograph\1.txt;1860;monograph;1975
eng_monograph\2.txt;1860;monograph;2766
eng_monograph\3.txt;1860;monograph;3645
eng_monograph\4.txt;1860;monograph;3424
eng_monograph\5.txt;1860;monograph;2723
eng_monograph\6.txt;1860;monograph;3570
eng_monograph\7.txt;1860;monograph;4020
eng_monograph\8.txt;1860;monograph;2563
eng_monograph\9.txt;1860;monograph;3550
eng_monograph\10.txt;1860;monograph;4196
eng_monograph\11.txt;1860;monograph;3491
eng_monograph\12.txt;1860;monograph;3713
eng_monograph\13.txt;1860;monograph;3082
eng_monograph\14.txt;1860;monograph;4316
eng_monograph\15.txt;1860;monograph;3190
eng_monograph\16.txt;1860;monograph;3634
eng_monograph\17.txt;1860;monograph;3357
eng_monograph\18.txt;1860;monograph;3219
eng_monograph\19.txt;1860;monograph;3188
eng_monograph\20.txt;1860;monograph;3656
eng_monograph\21.txt;1860;monograph;3614
eng_monograph\22.txt;1860;monograph;2691
eng_monograph\23.txt;1860;monograph;3557
eng_monograph\24.txt;1860;monograph;2311
eng_monograph\25.txt;1860;monograph;3838
eng_monograph\26.txt;1860;monograph;4929
eng_monograph\27.txt;1860;monograph;2147
eng_monograph\28.txt;1860;monograph;3777
eng_monograph\29.txt;1860;monograph;3894
eng_monograph\30.txt;1860;monograph;3131
eng_monograph\31.txt;1860;monograph;4428
eng_monograph\32.txt;1860;monograph;3572
eng_monograph\33.txt;1860;monograph;3703
eng_monograph\34.txt;1860;monograph;3880
eng_monograph\35.txt;1860;monograph;4920
eng_monograph\36.txt;1860;monograph;3251
eng_monograph\37.txt;1860;monograph;4398
eng_monograph\38.txt;1860;monograph;3693
eng_monograph\39.txt;1860;monograph;3541
eng_monograph\40.txt;1860;monograph;5014
eng_monograph\41.txt;1860;monograph;2088
eng_monograph\42.txt;1860;monograph;5075
eng_monograph\43.txt;1860;monograph;3056
eng_monograph\44.txt;1860;monograph;2999
eng_monograph\45.txt;1860;monograph;4653
eng_monograph\46.txt;1860;monograph;2824
eng_monograph\47.txt;1860;monograph;3403
eng_monograph\48.txt;1860;monograph;3280
eng_monograph\49.txt;1860;monograph;4035
eng_monograph\50.txt;1860;monograph;2453
eng_monograph\51.txt;1860;monograph;3444
eng_monograph\52.txt;1860;monograph;5389
eng_monograph\53.txt;1860;monograph;3732
eng_monograph\54.txt;1860;monograph;3579
eng_monograph\55.txt;1860;monograph;4110
eng_monograph\56.txt;1891;monograph;1404
eng_monograph\57.txt;1891;monograph;1438
eng_monograph\58.txt;1891;monograph;1157
eng_monograph\59.txt;1891;monograph;1356
eng_monograph\60.txt;1891;monograph;1366
eng_monograph\61.txt;1891;monograph;1285
eng_monograph\62.txt;1891;monograph;1391
eng_monograph\63.txt;1891;monograph;1238
eng_monograph\64.txt;1891;monograph;1341
eng_monograph\65.txt;1891;monograph;1422
eng_monograph\66.txt;1891;monograph;1273
eng_monograph\67.txt;1891;monograph;1267
eng_monograph\68.txt;1891;monograph;1327
eng_monograph\69.txt;1891;monograph;1267
eng_monograph\70.txt;1891;monograph;1375
eng_monograph\71.txt;1891;monograph;1313
eng_monograph\72.txt;1891;monograph;1323
eng_monograph\73.txt;1891;monograph;1403
eng_monograph\74.txt;1891;monograph;1418
eng_monograph\75.txt;1891;monograph;1380
eng_monograph\76.txt;1891;monograph;1241
eng_monograph\77.txt;1891;monograph;1413
eng_monograph\78.txt;1891;monograph;1382
eng_monograph\79.txt;1891;monograph;1331
eng_monograph\80.txt;1891;monograph;1404
eng_monograph\81.txt;1891;monograph;1398
eng_monograph\82.txt;1891;monograph;1448
eng_monograph\83.txt;1891;monograph;1328
eng_monograph\84.txt;1891;monograph;1358
eng_monograph\85.txt;1891;monograph;1287
eng_monograph\86.txt;1891;monograph;1390
eng_monograph\87.txt;1891;monograph;1355
eng_monograph\88.txt;1891;monograph;1131
eng_monograph\89.txt;1891;monograph;1034
eng_monograph\90.txt;1891;monograph;1264
eng_monograph\91.txt;1891;monograph;1126
eng_monograph\92.txt;1891;monograph;1358
eng_monograph\93.txt;1891;monograph;1388
eng_monograph\94.txt;1891;monograph;1374
eng_monograph\95.txt;1891;monograph;1354
eng_monograph\96.txt;1891;monograph;1330
eng_monograph\97.txt;1891;monograph;1300
eng_monograph\98.txt;1891;monograph;1293
eng_monograph\99.txt;1891;monograph;1220
eng_monograph\100.txt;1891;monograph;1257
eng_monograph\101.txt;1891;monograph;1368
eng_monograph\102.txt;1891;monograph;1446
eng_monograph\103.txt;1891;monograph;1286
eng_monograph\104.txt;1891;monograph;1423
eng_monograph\105.txt;1891;monograph;1149
eng_monograph\106.txt;1891;monograph;1593
eng_monograph\107.txt;1891;monograph;1441
eng_monograph\108.txt;1891;monograph;1188
eng_monograph\109.txt;1891;monograph;1222
eng_monograph\110.txt;1891;monograph;1017
eng_monograph\111.txt;1891;monograph;1155
eng_monograph\112.txt;1891;monograph;1328
eng_monograph\113.txt;1891;monograph;1222
eng_monograph\114.txt;1891;monograph;1275
eng_monograph\115.txt;1891;monograph;1193
eng_monograph\116.txt;1891;monograph;1618
eng_monograph\117.txt;1891;monograph;1322
eng_monograph\118.txt;1891;monograph;1394
eng_monograph\119.txt;1891;monograph;1322
eng_monograph\120.txt;1891;monograph;1267
eng_monograph\121.txt;1891;monograph;1145
eng_monograph\122.txt;1891;monograph;1346
eng_monograph\123.txt;1891;monograph;1419
eng_monograph\124.txt;1891;monograph;1234
eng_monograph\125.txt;1891;monograph;1338
eng_monograph\126.txt;1891;monograph;1374
eng_monograph\127.txt;1891;monograph;1316
eng_monograph\128.txt;1891;monograph;1301
eng_monograph\129.txt;1891;monograph;1164
eng_monograph\130.txt;1891;monograph;1110
eng_monograph\131.txt;1891;monograph;1198
eng_monograph\132.txt;1891;monograph;1194
eng_monograph\133.txt;1891;monograph;1311
eng_monograph\134.txt;1891;monograph;1549
eng_monograph\135.txt;1891;monograph;1332
eng_monograph\136.txt;1891;monograph;1162
eng_monograph\137.txt;1891;monograph;1416
eng_monograph\138.txt;1891;monograph;1132
eng_monograph\139.txt;1891;monograph;1121
eng_monograph\140.txt;1891;monograph;1030
eng_monograph\141.txt;1891;monograph;1086
eng_monograph\142.txt;1891;monograph;1115
eng_monograph\143.txt;1891;monograph;1016
eng_monograph\144.txt;1891;monograph;1213
eng_monograph\145.txt;1891;monograph;1116
eng_monograph\146.txt;1891;monograph;1244
eng_monograph\147.txt;1891;monograph;1180
eng_monograph\148.txt;1891;monograph;1325
eng_monograph\149.txt;1891;monograph;1080
eng_monograph\150.txt;1891;monograph;1012
eng_monograph\151.txt;1891;monograph;1100
eng_monograph\152.txt;1891;monograph;1122
eng_monograph\153.txt;1891;monograph;1195
eng_monograph\154.txt;1891;monograph;1154
eng_monograph\155.txt;1891;monograph;1158
eng_monograph\156.txt;1891;monograph;1150
eng_monograph\157.txt;1891;monograph;1141
eng_monograph\158.txt;1891;monograph;1350
eng_monograph\159.txt;1891;monograph;1403
eng_monograph\160.txt;1891;monograph;1259
eng_monograph\161.txt;1891;monograph;1274
eng_monograph\162.txt;1891;monograph;1416
eng_monograph\163.txt;1891;monograph;1405
eng_monograph\164.txt;1891;monograph;1425
eng_monograph\165.txt;1891;monograph;1373
eng_monograph\166.txt;1891;monograph;1392
eng_monograph\167.txt;1891;monograph;1275
eng_monograph\168.txt;1891;monograph;1128
eng_monograph\169.txt;1891;monograph;1715
eng_monograph\170.txt;1891;monograph;1436
eng_monograph\171.txt;1891;monograph;1209
eng_monograph\172.txt;1891;monograph;1443
eng_monograph\173.txt;1891;monograph;1189
eng_monograph\174.txt;1891;monograph;1620
eng_monograph\175.txt;1891;monograph;1197
eng_monograph\176.txt;1891;monograph;1191
eng_monograph\177.txt;1891;monograph;1269
eng_monograph\178.txt;1891;monograph;1055
eng_monograph\179.txt;1891;monograph;1082
eng_monograph\180.txt;1891;monograph;1316
eng_monograph\181.txt;1891;monograph;1035
eng_monograph\182.txt;1891;monograph;1344
eng_monograph\183.txt;1891;monograph;1439
eng_monograph\184.txt;1891;monograph;1447
eng_monograph\185.txt;1891;monograph;1297
eng_monograph\186.txt;1891;monograph;1373
eng_monograph\187.txt;1891;monograph;1464
eng_monograph\188.txt;1891;monograph;1395
eng_monograph\189.txt;1891;monograph;1184
eng_monograph\190.txt;1891;monograph;1191
eng_monograph\191.txt;1891;monograph;1291
eng_monograph\192.txt;1891;monograph;1336
eng_monograph\193.txt;1891;monograph;1366
eng_monograph\194.txt;1891;monograph;1319
eng_monograph\195.txt;1891;monograph;1342
eng_monograph\196.txt;1891;monograph;1430
eng_monograph\197.txt;1891;monograph;1221
eng_monograph\198.txt;1891;monograph;1491
eng_monograph\199.txt;1891;monograph;1389
eng_monograph\200.txt;1891;monograph;1358
eng_monograph\201.txt;1891;monograph;1331
eng_monograph\202.txt;1891;monograph;1085
eng_monograph\203.txt;1891;monograph;1021
eng_monograph\204.txt;1891;monograph;1129
eng_monograph\205.txt;1891;monograph;1144
eng_monograph\206.txt;1891;monograph;1305
eng_monograph\207.txt;1891;monograph;1201
eng_monograph\208.txt;1891;monograph;1558
eng_monograph\209.txt;1891;monograph;1467
eng_monograph\210.txt;1891;monograph;1175
eng_monograph\211.txt;1891;monograph;1229
eng_monograph\212.txt;1891;monograph;1386
eng_monograph\213.txt;1891;monograph;1536
eng_monograph\214.txt;1891;monograph;1386
eng_monograph\215.txt;1891;monograph;1107
eng_monograph\216.txt;1891;monograph;1278
eng_monograph\217.txt;1891;monograph;1467
eng_monograph\218.txt;1891;monograph;1481
eng_monograph\219.txt;1891;monograph;1003
eng_monograph\220.txt;1891;monograph;1238
eng_monograph\221.txt;1891;monograph;1168
eng_monograph\222.txt;1891;monograph;1086
eng_monograph\223.txt;1891;monograph;1132
eng_monograph\224.txt;1891;monograph;1131
eng_monograph\225.txt;1891;monograph;1210
eng_monograph\226.txt;1891;monograph;1259
eng_monograph\227.txt;1891;monograph;1446
eng_monograph\228.txt;1891;monograph;1519
eng_monograph\229.txt;1891;monograph;1428
eng_monograph\230.txt;1891;monograph;1362
eng_monograph\231.txt;1891;monograph;1286
eng_monograph\232.txt;1891;monograph;1139
eng_monograph\233.txt;1891;monograph;1195
eng_monograph\234.txt;1891;monograph;1161
eng_monograph\235.txt;1891;monograph;1036
eng_monograph\236.txt;1891;monograph;1140
eng_monograph\237.txt;1891;monograph;1401
eng_monograph\238.txt;1891;monograph;1474
eng_monograph\239.txt;1891;monograph;1350
eng_monograph\240.txt;1891;monograph;1272
eng_monograph\241.txt;1891;monograph;1179
eng_monograph\242.txt;1891;monograph;1268
eng_monograph\243.txt;1891;monograph;1078
eng_monograph\244.txt;1891;monograph;1077
eng_monograph\245.txt;1891;monograph;1271
eng_monograph\246.txt;1891;monograph;1520
eng_monograph\247.txt;1891;monograph;1175
eng_monograph\248.txt;1891;monograph;1008
eng_monograph\249.txt;1891;monograph;1042
eng_monograph\250.txt;1891;monograph;1188
eng_monograph\251.txt;1891;monograph;1185
eng_monograph\252.txt;1891;monograph;1231
eng_monograph\253.txt;1891;monograph;1267
eng_monograph\254.txt;1891;monograph;1353
eng_monograph\255.txt;1891;monograph;1588
eng_monograph\256.txt;1891;monograph;1323
eng_monograph\257.txt;1891;monograph;1290
eng_monograph\258.txt;1891;monograph;1386
eng_monograph\259.txt;1891;monograph;1203
eng_monograph\260.txt;1891;monograph;1317
eng_monograph\261.txt;1891;monograph;1321
eng_monograph\262.txt;1891;monograph;1227
eng_monograph\263.txt;1891;monograph;1194
eng_monograph\264.txt;1891;monograph;1243
eng_monograph\265.txt;1891;monograph;1274
eng_monograph\266.txt;1891;monograph;1468
eng_monograph\267.txt;1891;monograph;1391
eng_monograph\268.txt;1891;monograph;1384
eng_monograph\269.txt;1891;monograph;1462
eng_monograph\270.txt;1891;monograph;1368
eng_monograph\271.txt;1891;monograph;1351
eng_monograph\272.txt;1891;monograph;1234
eng_monograph\273.txt;1891;monograph;1194
eng_monograph\274.txt;1891;monograph;1493
eng_monograph\275.txt;1891;monograph;1534
eng_monograph\276.txt;1891;monograph;1548
eng_monograph\277.txt;1891;monograph;1519
eng_monograph\278.txt;1891;monograph;1442
eng_monograph\279.txt;1891;monograph;1574
eng_monograph\280.txt;1891;monograph;1224
eng_monograph\281.txt;1891;monograph;1315
eng_monograph\282.txt;1891;monograph;1320
eng_monograph\283.txt;1891;monograph;1427
eng_monograph\284.txt;1891;monograph;1432
eng_monograph\285.txt;1891;monograph;1413
eng_monograph\286.txt;1891;monograph;1401
eng_monograph\287.txt;1891;monograph;1540
eng_monograph\288.txt;1891;monograph;1407
eng_monograph\289.txt;1891;monograph;1330
eng_monograph\290.txt;1891;monograph;1478
eng_monograph\291.txt;1891;monograph;1344
eng_monograph\292.txt;1891;monograph;1087
eng_monograph\293.txt;1891;monograph;1262
eng_monograph\294.txt;1891;monograph;1020
eng_monograph\295.txt;1891;monograph;1030
eng_monograph\296.txt;1891;monograph;1044
eng_monograph\297.txt;1891;monograph;1480
eng_monograph\298.txt;1891;monograph;1358
eng_monograph\299.txt;1891;monograph;1257
eng_monograph\300.txt;1891;monograph;1271
eng_monograph\301.txt;1891;monograph;1248
eng_monograph\302.txt;1891;monograph;1126
eng_monograph\303.txt;1891;monograph;1277
eng_monograph\304.txt;1891;monograph;1436
eng_monograph\305.txt;1891;monograph;1359
eng_monograph\306.txt;1891;monograph;1378
eng_monograph\307.txt;1891;monograph;1248
eng_monograph\308.txt;1891;monograph;1354
eng_monograph\309.txt;1891;monograph;1310
eng_monograph\310.txt;1891;monograph;1174
eng_monograph\311.txt;1891;monograph;1168
eng_monograph\312.txt;1891;monograph;1073
eng_monograph\313.txt;1891;monograph;1102
eng_monograph\314.txt;1891;monograph;1270
eng_monograph\315.txt;1891;monograph;1226
eng_monograph\316.txt;1891;monograph;1403
eng_monograph\317.txt;1891;monograph;1507
eng_monograph\318.txt;1891;monograph;1250
eng_monograph\319.txt;1891;monograph;1183
eng_monograph\320.txt;1891;monograph;1329
eng_monograph\321.txt;1891;monograph;1358
eng_monograph\322.txt;1891;monograph;1133
eng_monograph\323.txt;1891;monograph;1389
eng_monograph\324.txt;1891;monograph;1521
eng_monograph\325.txt;1891;monograph;1293
eng_monograph\326.txt;1891;monograph;1410
eng_monograph\327.txt;1891;monograph;1102
eng_monograph\328.txt;1891;monograph;1031
eng_monograph\329.txt;1891;monograph;1297
eng_monograph\330.txt;1891;monograph;1370
eng_monograph\331.txt;1891;monograph;1276
eng_monograph\332.txt;1891;monograph;1011
eng_monograph\333.txt;1891;monograph;1278
eng_monograph\334.txt;1891;monograph;1263
eng_monograph\335.txt;1891;monograph;1129
eng_monograph\336.txt;1891;monograph;1322
eng_monograph\337.txt;1891;monograph;1010
eng_monograph\338.txt;1891;monograph;1328
eng_monograph\339.txt;1891;monograph;1241
eng_monograph\340.txt;1891;monograph;1325
eng_monograph\341.txt;1891;monograph;1855
eng_monograph\342.txt;1891;monograph;1334
eng_monograph\343.txt;1891;monograph;1213
eng_monograph\344.txt;1891;monograph;1148
eng_monograph\345.txt;1891;monograph;1051
eng_monograph\346.txt;1891;monograph;1043
eng_monograph\347.txt;1891;monograph;1397
eng_monograph\348.txt;1891;monograph;1054
eng_monograph\349.txt;1891;monograph;1007
eng_monograph\350.txt;1888;monograph;1279
eng_monograph\351.txt;1888;monograph;2124
eng_monograph\352.txt;1888;monograph;1991
eng_monograph\353.txt;1888;monograph;1739
eng_monograph\354.txt;1888;monograph;1637
eng_monograph\355.txt;1888;monograph;2162
eng_monograph\356.txt;1888;monograph;2154
eng_monograph\357.txt;1888;monograph;2203
eng_monograph\358.txt;1888;monograph;2101
eng_monograph\359.txt;1888;monograph;2096
eng_monograph\360.txt;1888;monograph;2190
eng_monograph\361.txt;1888;monograph;1162
eng_monograph\362.txt;1888;monograph;1954
eng_monograph\363.txt;1888;monograph;2173
eng_monograph\364.txt;1888;monograph;2059
eng_monograph\365.txt;1888;monograph;2239
eng_monograph\366.txt;1888;monograph;2189
eng_monograph\367.txt;1888;monograph;1274
eng_monograph\368.txt;1888;monograph;2246
eng_monograph\369.txt;1888;monograph;1709
eng_monograph\370.txt;1888;monograph;2207
eng_monograph\371.txt;1888;monograph;2153
eng_monograph\372.txt;1888;monograph;2112
eng_monograph\373.txt;1888;monograph;2134
eng_monograph\374.txt;1888;monograph;2171
eng_monograph\375.txt;1888;monograph;2184
eng_monograph\376.txt;1888;monograph;1128
eng_monograph\377.txt;1888;monograph;2205
eng_monograph\378.txt;1888;monograph;2197
eng_monograph\379.txt;1888;monograph;2107
eng_monograph\380.txt;1888;monograph;2142
eng_monograph\381.txt;1888;monograph;1740
eng_monograph\382.txt;1888;monograph;1367
eng_monograph\383.txt;1888;monograph;2201
eng_monograph\384.txt;1888;monograph;2206
eng_monograph\385.txt;1888;monograph;1673
eng_monograph\386.txt;1888;monograph;2124
eng_monograph\387.txt;1888;monograph;2167
eng_monograph\388.txt;1888;monograph;1161
eng_monograph\389.txt;1888;monograph;2271
eng_monograph\390.txt;1888;monograph;2146
eng_monograph\391.txt;1888;monograph;2103
eng_monograph\392.txt;1888;monograph;1981
eng_monograph\393.txt;1888;monograph;1979
eng_monograph\394.txt;1888;monograph;1623
eng_monograph\395.txt;1888;monograph;2254
eng_monograph\396.txt;1888;monograph;2258
eng_monograph\397.txt;1888;monograph;1585
eng_monograph\398.txt;1888;monograph;2093
eng_monograph\399.txt;1888;monograph;1926
eng_monograph\400.txt;1888;monograph;2187
eng_monograph\401.txt;1888;monograph;2168
eng_monograph\402.txt;1888;monograph;2202
eng_monograph\403.txt;1888;monograph;2211
eng_monograph\404.txt;1888;monograph;2212
eng_monograph\405.txt;1888;monograph;2176
eng_monograph\406.txt;1888;monograph;2250
eng_monograph\407.txt;1888;monograph;2221
eng_monograph\408.txt;1888;monograph;2252
eng_monograph\409.txt;1888;monograph;2188
eng_monograph\410.txt;1888;monograph;2204
eng_monograph\411.txt;1888;monograph;2273
eng_monograph\412.txt;1888;monograph;2172
eng_monograph\413.txt;1888;monograph;1869
eng_monograph\414.txt;1888;monograph;1643
eng_monograph\415.txt;1888;monograph;2201
eng_monograph\416.txt;1888;monograph;2209
eng_monograph\417.txt;1888;monograph;2102
eng_monograph\418.txt;1888;monograph;2186
eng_monograph\419.txt;1888;monograph;2200
eng_monograph\420.txt;1888;monograph;2160
eng_monograph\421.txt;1888;monograph;1896
eng_monograph\422.txt;1888;monograph;1629
eng_monograph\423.txt;1888;monograph;2198
eng_monograph\424.txt;1888;monograph;2197
eng_monograph\425.txt;1888;monograph;2255
eng_monograph\426.txt;1888;monograph;2145
eng_monograph\427.txt;1888;monograph;1281
eng_monograph\428.txt;1888;monograph;2238
eng_monograph\429.txt;1888;monograph;2123
eng_monograph\430.txt;1888;monograph;2116
eng_monograph\431.txt;1888;monograph;2188
eng_monograph\432.txt;1888;monograph;2196
eng_monograph\433.txt;1888;monograph;2127
eng_monograph\434.txt;1888;monograph;2040
eng_monograph\435.txt;1888;monograph;2169
eng_monograph\436.txt;1888;monograph;2109
eng_monograph\437.txt;1888;monograph;2235
eng_monograph\438.txt;1888;monograph;2211
eng_monograph\439.txt;1888;monograph;2189
eng_monograph\440.txt;1888;monograph;2174
eng_monograph\441.txt;1888;monograph;2197
eng_monograph\442.txt;1888;monograph;2155
eng_monograph\443.txt;1888;monograph;2214
eng_monograph\444.txt;1888;monograph;2152
eng_monograph\445.txt;1888;monograph;2218
eng_monograph\446.txt;1888;monograph;2242
eng_monograph\447.txt;1888;monograph;2163
eng_monograph\448.txt;1888;monograph;2161
eng_monograph\449.txt;1888;monograph;2242
eng_monograph\450.txt;1888;monograph;2112
eng_monograph\451.txt;1888;monograph;1194
eng_monograph\452.txt;1888;monograph;2186
eng_monograph\453.txt;1888;monograph;2116
eng_monograph\454.txt;1858;monograph;1187
eng_monograph\455.txt;1858;monograph;1064
eng_monograph\456.txt;1858;monograph;1322
eng_monograph\457.txt;1858;monograph;1047
eng_monograph\458.txt;1858;monograph;1228
eng_monograph\459.txt;1858;monograph;1376
eng_monograph\460.txt;1858;monograph;1304
eng_monograph\461.txt;1858;monograph;1423
eng_monograph\462.txt;1858;monograph;1523
eng_monograph\463.txt;1858;monograph;1396
eng_monograph\464.txt;1858;monograph;1305
eng_monograph\465.txt;1858;monograph;1421
eng_monograph\466.txt;1858;monograph;1523
eng_monograph\467.txt;1858;monograph;1386
eng_monograph\468.txt;1858;monograph;1400
eng_monograph\469.txt;1858;monograph;1394
eng_monograph\470.txt;1858;monograph;1488
eng_monograph\471.txt;1858;monograph;1390
eng_monograph\472.txt;1858;monograph;1363
eng_monograph\473.txt;1858;monograph;1348
eng_monograph\474.txt;1858;monograph;1318
eng_monograph\475.txt;1858;monograph;1435
eng_monograph\476.txt;1858;monograph;1437
eng_monograph\477.txt;1858;monograph;1452
eng_monograph\478.txt;1858;monograph;1383
eng_monograph\479.txt;1858;monograph;1400
eng_monograph\480.txt;1858;monograph;1393
eng_monograph\481.txt;1858;monograph;1359
eng_monograph\482.txt;1858;monograph;1375
eng_monograph\483.txt;1858;monograph;1403
eng_monograph\484.txt;1858;monograph;1497
eng_monograph\485.txt;1858;monograph;1362
eng_monograph\486.txt;1858;monograph;1485
eng_monograph\487.txt;1858;monograph;1400
eng_monograph\488.txt;1858;monograph;1396
eng_monograph\489.txt;1858;monograph;1407
eng_monograph\490.txt;1858;monograph;1492
eng_monograph\491.txt;1858;monograph;1489
eng_monograph\492.txt;1858;monograph;1437
eng_monograph\493.txt;1858;monograph;1460
eng_monograph\494.txt;1858;monograph;1359
eng_monograph\495.txt;1858;monograph;1451
eng_monograph\496.txt;1858;monograph;1390
eng_monograph\497.txt;1858;monograph;1342
eng_monograph\498.txt;1858;monograph;1503
eng_monograph\499.txt;1858;monograph;1385
eng_monograph\500.txt;1858;monograph;1376
eng_monograph\501.txt;1858;monograph;1503
eng_monograph\502.txt;1858;monograph;1353
eng_monograph\503.txt;1858;monograph;1503
eng_monograph\504.txt;1858;monograph;1447
eng_monograph\505.txt;1858;monograph;1415
eng_monograph\506.txt;1858;monograph;1490
eng_monograph\507.txt;1858;monograph;1544
eng_monograph\508.txt;1858;monograph;1341
eng_monograph\509.txt;1858;monograph;1351
eng_monograph\510.txt;1858;monograph;1408
eng_monograph\511.txt;1858;monograph;1494
eng_monograph\512.txt;1858;monograph;1477
eng_monograph\513.txt;1858;monograph;1165
eng_monograph\514.txt;1858;monograph;1061
eng_monograph\515.txt;1858;monograph;1227
eng_monograph\516.txt;1858;monograph;1300
eng_monograph\517.txt;1858;monograph;1255
eng_monograph\518.txt;1858;monograph;1107
eng_monograph\519.txt;1858;monograph;1217
eng_monograph\520.txt;1858;monograph;1265
eng_monograph\521.txt;1858;monograph;1496
eng_monograph\522.txt;1858;monograph;1488
eng_monograph\523.txt;1858;monograph;1529
eng_monograph\524.txt;1858;monograph;1402
eng_monograph\525.txt;1858;monograph;1487
eng_monograph\526.txt;1858;monograph;1560
eng_monograph\527.txt;1858;monograph;1536
eng_monograph\528.txt;1858;monograph;1404
eng_monograph\529.txt;1858;monograph;1539
eng_monograph\530.txt;1858;monograph;1533
eng_monograph\531.txt;1858;monograph;1497
eng_monograph\532.txt;1858;monograph;1565
eng_monograph\533.txt;1858;monograph;1534
eng_monograph\534.txt;1858;monograph;1426
eng_monograph\535.txt;1858;monograph;1486
eng_monograph\536.txt;1858;monograph;1559
eng_monograph\537.txt;1858;monograph;1440
eng_monograph\538.txt;1858;monograph;1157
eng_monograph\539.txt;1858;monograph;1501
eng_monograph\540.txt;1858;monograph;1415
eng_monograph\541.txt;1858;monograph;1529
eng_monograph\542.txt;1858;monograph;1446
eng_monograph\543.txt;1858;monograph;1503
eng_monograph\544.txt;1858;monograph;1534
eng_monograph\545.txt;1858;monograph;1474
eng_monograph\546.txt;1858;monograph;1441
eng_monograph\547.txt;1858;monograph;1493
eng_monograph\548.txt;1858;monograph;1384
eng_monograph\549.txt;1858;monograph;1170
eng_monograph\550.txt;1858;monograph;1460
eng_monograph\551.txt;1858;monograph;1533
eng_monograph\552.txt;1858;monograph;1503
eng_monograph\553.txt;1858;monograph;1454
eng_monograph\554.txt;1858;monograph;1255
eng_monograph\555.txt;1858;monograph;1356
eng_monograph\556.txt;1858;monograph;1430
eng_monograph\557.txt;1858;monograph;1437
eng_monograph\558.txt;1858;monograph;1481
eng_monograph\559.txt;1858;monograph;1248
eng_monograph\560.txt;1858;monograph;1154
eng_monograph\561.txt;1858;monograph;1424
eng_monograph\562.txt;1858;monograph;1520
eng_monograph\563.txt;1858;monograph;1568
eng_monograph\564.txt;1858;monograph;1526
eng_monograph\565.txt;1858;monograph;1456
eng_monograph\566.txt;1858;monograph;1424
eng_monograph\567.txt;1858;monograph;1429
eng_monograph\568.txt;1858;monograph;1489
eng_monograph\569.txt;1858;monograph;1466
eng_monograph\570.txt;1858;monograph;1418
eng_monograph\571.txt;1858;monograph;1385
eng_monograph\572.txt;1858;monograph;1488
eng_monograph\573.txt;1858;monograph;1388
eng_monograph\574.txt;1858;monograph;1447
eng_monograph\575.txt;1858;monograph;1465
eng_monograph\576.txt;1858;monograph;1448
eng_monograph\577.txt;1858;monograph;1429
eng_monograph\578.txt;1858;monograph;1494
eng_monograph\579.txt;1858;monograph;1493
eng_monograph\580.txt;1858;monograph;1372
eng_monograph\581.txt;1858;monograph;1544
eng_monograph\582.txt;1858;monograph;1464
eng_monograph\583.txt;1858;monograph;1480
eng_monograph\584.txt;1858;monograph;1493
eng_monograph\585.txt;1858;monograph;1476
eng_monograph\586.txt;1858;monograph;1507
eng_monograph\587.txt;1858;monograph;1503
eng_monograph\588.txt;1858;monograph;1516
eng_monograph\589.txt;1858;monograph;1495
eng_monograph\590.txt;1858;monograph;1342
eng_monograph\591.txt;1858;monograph;1522
eng_monograph\592.txt;1858;monograph;1486
eng_monograph\593.txt;1858;monograph;1421
eng_monograph\594.txt;1858;monograph;1472
eng_monograph\595.txt;1858;monograph;1345
eng_monograph\596.txt;1858;monograph;1458
eng_monograph\597.txt;1858;monograph;1460
eng_monograph\598.txt;1858;monograph;1455
eng_monograph\599.txt;1858;monograph;1546
eng_monograph\600.txt;1858;monograph;1492
eng_monograph\601.txt;1858;monograph;1415
eng_monograph\602.txt;1858;monograph;1485
eng_monograph\603.txt;1858;monograph;1463
eng_monograph\604.txt;1858;monograph;1370
eng_monograph\605.txt;1858;monograph;1448
eng_monograph\606.txt;1858;monograph;1472
eng_monograph\607.txt;1858;monograph;1423
eng_monograph\608.txt;1858;monograph;1365
eng_monograph\609.txt;1858;monograph;1419
eng_monograph\610.txt;1858;monograph;1519
eng_monograph\611.txt;1858;monograph;1525
eng_monograph\612.txt;1858;monograph;1444
eng_monograph\613.txt;1858;monograph;1374
eng_monograph\614.txt;1858;monograph;1463
eng_monograph\615.txt;1858;monograph;1492
eng_monograph\616.txt;1858;monograph;1453
eng_monograph\617.txt;1858;monograph;1461
eng_monograph\618.txt;1858;monograph;1128
eng_monograph\619.txt;1858;monograph;1363
eng_monograph\620.txt;1858;monograph;1478
eng_monograph\621.txt;1858;monograph;1488
eng_monograph\622.txt;1858;monograph;1489
eng_monograph\623.txt;1858;monograph;1021
eng_monograph\624.txt;1858;monograph;1316
eng_monograph\625.txt;1858;monograph;1006
eng_monograph\626.txt;1858;monograph;1272
eng_monograph\627.txt;1858;monograph;1407
eng_monograph\628.txt;1858;monograph;1270
eng_monograph\629.txt;1858;monograph;1197
eng_monograph\630.txt;1858;monograph;1086
eng_monograph\631.txt;1858;monograph;1494
eng_monograph\632.txt;1858;monograph;1403
eng_monograph\633.txt;1858;monograph;1554
eng_monograph\634.txt;1858;monograph;1632
eng_monograph\635.txt;1858;monograph;1563
eng_monograph\636.txt;1858;monograph;1468
eng_monograph\637.txt;1858;monograph;1471
eng_monograph\638.txt;1858;monograph;1516
eng_monograph\639.txt;1858;monograph;1549
eng_monograph\640.txt;1858;monograph;1531
eng_monograph\641.txt;1858;monograph;1531
eng_monograph\642.txt;1858;monograph;1525
eng_monograph\643.txt;1858;monograph;1396
eng_monograph\644.txt;1858;monograph;1417
eng_monograph\645.txt;1858;monograph;1520
eng_monograph\646.txt;1858;monograph;1031
eng_monograph\647.txt;1858;monograph;1097
eng_monograph\648.txt;1858;monograph;1000
eng_monograph\649.txt;1858;monograph;1307
eng_monograph\650.txt;1858;monograph;1432
eng_monograph\651.txt;1858;monograph;1520
eng_monograph\652.txt;1858;monograph;1610
eng_monograph\653.txt;1858;monograph;1530
eng_monograph\654.txt;1858;monograph;1529
eng_monograph\655.txt;1858;monograph;1391
eng_monograph\656.txt;1858;monograph;1553
eng_monograph\657.txt;1858;monograph;1466
eng_monograph\658.txt;1858;monograph;1420
eng_monograph\659.txt;1858;monograph;1475
eng_monograph\660.txt;1858;monograph;1522
eng_monograph\661.txt;1858;monograph;1516
eng_monograph\662.txt;1858;monograph;1542
eng_monograph\663.txt;1858;monograph;1328
eng_monograph\664.txt;1858;monograph;1505
eng_monograph\665.txt;1858;monograph;1571
eng_monograph\666.txt;1858;monograph;1544
eng_monograph\667.txt;1858;monograph;1467
eng_monograph\668.txt;1858;monograph;1524
eng_monograph\669.txt;1858;monograph;1542
eng_monograph\670.txt;1858;monograph;1546
eng_monograph\671.txt;1858;monograph;1397
eng_monograph\672.txt;1858;monograph;1406
eng_monograph\673.txt;1858;monograph;1468
eng_monograph\674.txt;1858;monograph;1525
eng_monograph\675.txt;1858;monograph;1458
eng_monograph\676.txt;1858;monograph;1113
eng_monograph\677.txt;1858;monograph;1157
eng_monograph\678.txt;1858;monograph;1530
eng_monograph\679.txt;1858;monograph;1485
eng_monograph\680.txt;1858;monograph;1501
eng_monograph\681.txt;1858;monograph;1283
eng_monograph\682.txt;1858;monograph;1335
eng_monograph\683.txt;1858;monograph;1485
eng_monograph\684.txt;1858;monograph;1278
eng_monograph\685.txt;1858;monograph;1366
eng_monograph\686.txt;1858;monograph;1525
eng_monograph\687.txt;1858;monograph;1048
eng_monograph\688.txt;1858;monograph;1151
eng_monograph\689.txt;1858;monograph;1168
eng_monograph\690.txt;1858;monograph;1900
eng_monograph\691.txt;1858;monograph;1468
eng_monograph\692.txt;1858;monograph;1157
eng_monograph\693.txt;1858;monograph;1238
eng_monograph\694.txt;1858;monograph;1181
eng_monograph\695.txt;1858;monograph;1525
eng_monograph\696.txt;1858;monograph;1473
eng_monograph\697.txt;1858;monograph;1551
eng_monograph\698.txt;1858;monograph;1305
eng_monograph\699.txt;1858;monograph;1560
eng_monograph\700.txt;1858;monograph;1488
eng_monograph\701.txt;1858;monograph;1541
eng_monograph\702.txt;1858;monograph;1396
eng_monograph\703.txt;1858;monograph;1544
eng_monograph\704.txt;1858;monograph;1545
eng_monograph\705.txt;1858;monograph;1558
eng_monograph\706.txt;1858;monograph;1572
eng_monograph\707.txt;1858;monograph;1494
eng_monograph\708.txt;1858;monograph;1545
eng_monograph\709.txt;1858;monograph;1485
eng_monograph\710.txt;1858;monograph;1495
eng_monograph\711.txt;1858;monograph;1586
eng_monograph\712.txt;1858;monograph;1465
eng_monograph\713.txt;1858;monograph;1527
eng_monograph\714.txt;1858;monograph;1441
eng_monograph\715.txt;1858;monograph;1537
eng_monograph\716.txt;1858;monograph;1554
eng_monograph\717.txt;1858;monograph;1468
eng_monograph\718.txt;1858;monograph;1478
eng_monograph\719.txt;1858;monograph;1561
eng_monograph\720.txt;1858;monograph;1523
eng_monograph\721.txt;1858;monograph;1441
eng_monograph\722.txt;1858;monograph;1556
eng_monograph\723.txt;1858;monograph;1469
eng_monograph\724.txt;1858;monograph;1567
eng_monograph\725.txt;1858;monograph;1529
eng_monograph\726.txt;1858;monograph;1382
eng_monograph\727.txt;1858;monograph;1534
eng_monograph\728.txt;1858;monograph;1391
eng_monograph\729.txt;1858;monograph;1566
eng_monograph\730.txt;1858;monograph;1424
eng_monograph\731.txt;1858;monograph;1555
eng_monograph\732.txt;1858;monograph;1541
eng_monograph\733.txt;1858;monograph;1545
eng_monograph\734.txt;1858;monograph;2418
eng_monograph\735.txt;1858;monograph;2892
eng_monograph\736.txt;1858;monograph;2712
eng_monograph\737.txt;1858;monograph;2296
eng_monograph\738.txt;1858;monograph;2303
eng_monograph\739.txt;1858;monograph;2186
eng_periodical\1.txt;1821;periodical;4689
eng_periodical\2.txt;1821;periodical;23090
eng_periodical\3.txt;1744;periodical;11207
eng_periodical\4.txt;1744;periodical;10753
eng_periodical\5.txt;1744;periodical;5394
eng_periodical\6.txt;1894;periodical;36457
eng_periodical\7.txt;1894;periodical;26670
eng_periodical\8.txt;1894;periodical;33646
eng_periodical\9.txt;1894;periodical;24620
eng_periodical\10.txt;1744;periodical;11299
eng_periodical\11.txt;1744;periodical;17782
eng_periodical\12.txt;1744;periodical;14866
eng_periodical\13.txt;1845;periodical;15008
eng_periodical\14.txt;1845;periodical;14855
eng_periodical\15.txt;1845;periodical;20147
eng_periodical\16.txt;1845;periodical;17194
eng_periodical\17.txt;1845;periodical;17585
eng_periodical\18.txt;1845;periodical;15481
eng_periodical\19.txt;1845;periodical;18494
eng_periodical\20.txt;1845;periodical;20217
eng_periodical\21.txt;1845;periodical;16530
eng_periodical\22.txt;1845;periodical;18040
eng_periodical\23.txt;1845;periodical;16031
eng_periodical\24.txt;1845;periodical;17273
eng_periodical\25.txt;1845;periodical;22480
eng_periodical\26.txt;1845;periodical;15685
eng_periodical\27.txt;1845;periodical;22708
eng_periodical\28.txt;1808;periodical;4621
eng_periodical\29.txt;1808;periodical;5941
eng_periodical\30.txt;1808;periodical;7102
eng_periodical\31.txt;1808;periodical;4976
eng_periodical\32.txt;1808;periodical;6254
eng_periodical\33.txt;1808;periodical;7654
eng_periodical\34.txt;1808;periodical;8068
eng_periodical\35.txt;1808;periodical;7050
eng_periodical\36.txt;1808;periodical;5853
eng_periodical\37.txt;1808;periodical;6491
eng_periodical\38.txt;1808;periodical;6717
eng_periodical\39.txt;1808;periodical;6224
eng_periodical\40.txt;1808;periodical;7308
eng_periodical\41.txt;1808;periodical;7748
eng_periodical\42.txt;1808;periodical;6799
eng_periodical\43.txt;1828;periodical;51794
eng_periodical\44.txt;1828;periodical;35214
eng_periodical\45.txt;1828;periodical;51614
eng_periodical\46.txt;1828;periodical;51152
eng_periodical\47.txt;1843;periodical;86258
eng_periodical\48.txt;1843;periodical;77059
eng_periodical\49.txt;1843;periodical;35452
eng_periodical\50.txt;1843;periodical;74724
eng_periodical\51.txt;1894;periodical;76764
eng_periodical\52.txt;1894;periodical;72528
eng_periodical\53.txt;1821;periodical;43015
eng_periodical\54.txt;1821;periodical;47024
eng_periodical\55.txt;1894;periodical;28208
eng_periodical\56.txt;1893;periodical;55587
eng_periodical\57.txt;1894;periodical;23841
eng_periodical\58.txt;1894;periodical;30460
eng_periodical\59.txt;1894;periodical;32902
eng_periodical\60.txt;1894;periodical;59111
eng_periodical\61.txt;1841;periodical;65725
eng_periodical\62.txt;1893;periodical;39607
eng_periodical\63.txt;1893;periodical;13215
eng_periodical\64.txt;1893;periodical;47805
eng_periodical\65.txt;1857;periodical;46168
eng_periodical\66.txt;1857;periodical;49090
eng_monograph\740.txt;1880;monograph;250292
eng_monograph\741.txt;1870;monograph;839062
eng_monograph\742.txt;1880;monograph;259082
eng_monograph\743.txt;1802;monograph;378184
eng_monograph\744.txt;1839;monograph;299972
eng_monograph\745.txt;1839;monograph;277352
eng_monograph\746.txt;1911;monograph;90344
eng_monograph\747.txt;1886;monograph;649444
fr_periodical\1.txt;1880;periodical;31177
fr_periodical\2.txt;1880;periodical;41819
fr_periodical\3.txt;1880;periodical;25049
fr_periodical\4.txt;1880;periodical;14886
fr_periodical\5.txt;1880;periodical;2040
fr_periodical\6.txt;1880;periodical;2242
fr_periodical\7.txt;1880;periodical;3836
fr_periodical\8.txt;1880;periodical;4257
fr_periodical\9.txt;1880;periodical;4671
fr_periodical\10.txt;1880;periodical;4426
fr_periodical\11.txt;1880;periodical;1202
fr_periodical\12.txt;1836;periodical;6389
fr_periodical\13.txt;1836;periodical;2547
fr_periodical\14.txt;1858;periodical;9617
fr_periodical\15.txt;1854;periodical;35860
fr_periodical\16.txt;1826;periodical;6595
fr_periodical\17.txt;1826;periodical;8092
fr_periodical\18.txt;1929;periodical;25699
fr_periodical\19.txt;1876;periodical;16285
fr_periodical\20.txt;1876;periodical;14688
fr_periodical\21.txt;1876;periodical;33407
fr_periodical\22.txt;1876;periodical;40280
fr_periodical\23.txt;1876;periodical;38155
fr_periodical\24.txt;1876;periodical;13380
fr_periodical\25.txt;1876;periodical;44533
fr_periodical\26.txt;1876;periodical;32430
fr_periodical\27.txt;1904;periodical;19240
fr_periodical\28.txt;1914;periodical;17304
fr_periodical\29.txt;1914;periodical;31549
fr_periodical\30.txt;1904;periodical;23698
fr_periodical\31.txt;1904;periodical;35120
fr_periodical\32.txt;1904;periodical;33420
fr_periodical\33.txt;1904;periodical;34554
fr_periodical\34.txt;1904;periodical;37364
fr_periodical\35.txt;1904;periodical;28383
fr_periodical\36.txt;1904;periodical;6486
fr_periodical\37.txt;1904;periodical;29980
fr_periodical\38.txt;1904;periodical;31842
fr_periodical\39.txt;1904;periodical;19743
fr_periodical\40.txt;1904;periodical;31461
fr_periodical\41.txt;1870;periodical;32657
fr_periodical\42.txt;1942;periodical;29548
fr_periodical\43.txt;1884;periodical;16309
fr_periodical\44.txt;1814;periodical;20515
fr_periodical\45.txt;1881;periodical;32211
fr_periodical\46.txt;1943;periodical;5387
fr_periodical\47.txt;1944;periodical;6679
fr_periodical\48.txt;1944;periodical;8948
fr_monograph\19.txt;1944;monograph;6162
fr_monograph\20.txt;1944;monograph;5836
fr_monograph\21.txt;1863;monograph;1163
fr_monograph\22.txt;1863;monograph;1237
fr_monograph\23.txt;1863;monograph;1253
fr_monograph\24.txt;1863;monograph;1220
fr_monograph\25.txt;1863;monograph;1255
fr_monograph\26.txt;1863;monograph;1217
fr_monograph\27.txt;1863;monograph;1164
fr_monograph\28.txt;1863;monograph;1199
fr_monograph\29.txt;1863;monograph;1228
fr_monograph\30.txt;1863;monograph;1216
fr_monograph\31.txt;1863;monograph;1184
fr_monograph\32.txt;1863;monograph;1166
fr_monograph\33.txt;1863;monograph;1184
fr_monograph\34.txt;1863;monograph;1175
fr_monograph\35.txt;1863;monograph;1191
fr_monograph\36.txt;1863;monograph;1186
fr_monograph\37.txt;1863;monograph;1198
fr_monograph\38.txt;1863;monograph;1176
fr_monograph\39.txt;1863;monograph;1208
fr_monograph\40.txt;1863;monograph;1152
fr_monograph\41.txt;1863;monograph;1186
fr_monograph\42.txt;1863;monograph;1159
fr_monograph\43.txt;1863;monograph;1169
fr_monograph\44.txt;1863;monograph;1179
fr_monograph\45.txt;1863;monograph;1161
fr_monograph\46.txt;1863;monograph;1198
fr_monograph\47.txt;1863;monograph;1169
fr_monograph\48.txt;1863;monograph;1171
fr_monograph\49.txt;1863;monograph;1151
fr_monograph\50.txt;1863;monograph;1189
fr_monograph\51.txt;1863;monograph;1197
fr_monograph\52.txt;1863;monograph;1184
fr_monograph\53.txt;1863;monograph;1150
fr_monograph\54.txt;1863;monograph;1198
fr_monograph\55.txt;1863;monograph;1153
fr_monograph\56.txt;1863;monograph;1204
fr_monograph\57.txt;1863;monograph;1149
fr_monograph\58.txt;1863;monograph;1182
fr_monograph\59.txt;1863;monograph;1214
fr_monograph\60.txt;1821;monograph;1199
fr_monograph\61.txt;1821;monograph;1694
fr_monograph\62.txt;1821;monograph;1766
fr_monograph\63.txt;1821;monograph;1749
fr_monograph\64.txt;1821;monograph;1745
fr_monograph\65.txt;1821;monograph;1653
fr_monograph\66.txt;1821;monograph;1620
fr_monograph\67.txt;1821;monograph;1608
fr_monograph\68.txt;1821;monograph;1706
fr_monograph\69.txt;1821;monograph;1603
fr_monograph\70.txt;1821;monograph;1592
fr_monograph\71.txt;1821;monograph;1749
fr_monograph\72.txt;1821;monograph;1818
fr_monograph\73.txt;1821;monograph;1736
fr_monograph\74.txt;1821;monograph;1650
fr_monograph\75.txt;1821;monograph;1713
fr_monograph\76.txt;1821;monograph;1617
fr_monograph\77.txt;1821;monograph;1798
fr_monograph\78.txt;1821;monograph;1805
fr_monograph\79.txt;1821;monograph;1668
fr_monograph\80.txt;1821;monograph;1714
fr_monograph\81.txt;1821;monograph;1660
fr_monograph\82.txt;1821;monograph;1761
fr_monograph\83.txt;1821;monograph;1806
fr_monograph\84.txt;1821;monograph;1710
fr_monograph\85.txt;1821;monograph;1746
fr_monograph\86.txt;1821;monograph;1708
fr_monograph\87.txt;1821;monograph;1641
fr_monograph\88.txt;1821;monograph;1702
fr_monograph\89.txt;1821;monograph;1622
fr_monograph\90.txt;1821;monograph;1577
fr_monograph\91.txt;1821;monograph;1712
fr_monograph\92.txt;1821;monograph;1696
fr_monograph\93.txt;1821;monograph;1670
fr_monograph\94.txt;1821;monograph;1583
fr_monograph\95.txt;1821;monograph;1765
fr_monograph\96.txt;1821;monograph;1736
fr_monograph\97.txt;1821;monograph;1541
fr_monograph\98.txt;1821;monograph;1663
fr_monograph\99.txt;1821;monograph;1694
fr_monograph\100.txt;1821;monograph;1774
fr_monograph\101.txt;1821;monograph;1754
fr_monograph\102.txt;1821;monograph;1659
fr_monograph\103.txt;1821;monograph;1698
fr_monograph\104.txt;1821;monograph;1709
fr_monograph\105.txt;1821;monograph;1626
fr_monograph\106.txt;1821;monograph;1668
fr_monograph\107.txt;1821;monograph;1595
fr_monograph\108.txt;1821;monograph;1639
fr_monograph\109.txt;1821;monograph;1595
fr_monograph\110.txt;1821;monograph;1630
fr_monograph\111.txt;1821;monograph;1672
fr_monograph\112.txt;1821;monograph;1687
fr_monograph\113.txt;1821;monograph;1686
fr_monograph\114.txt;1821;monograph;1694
fr_monograph\115.txt;1821;monograph;1767
fr_monograph\116.txt;1821;monograph;1804
fr_monograph\117.txt;1821;monograph;1681
fr_monograph\118.txt;1821;monograph;1680
fr_monograph\119.txt;1821;monograph;1696
fr_monograph\120.txt;1821;monograph;1761
fr_monograph\121.txt;1821;monograph;1644
fr_monograph\122.txt;1821;monograph;1668
fr_monograph\123.txt;1821;monograph;1702
fr_monograph\124.txt;1821;monograph;1733
fr_monograph\125.txt;1821;monograph;1689
fr_monograph\126.txt;1821;monograph;1776
fr_monograph\127.txt;1821;monograph;1785
fr_monograph\128.txt;1821;monograph;1648
fr_monograph\129.txt;1821;monograph;1655
fr_monograph\130.txt;1843;monograph;1164
fr_monograph\131.txt;1864;monograph;1366
fr_monograph\132.txt;1864;monograph;1392
fr_monograph\133.txt;1864;monograph;1293
fr_monograph\134.txt;1864;monograph;1361
fr_monograph\135.txt;1864;monograph;1299
fr_monograph\136.txt;1864;monograph;1423
fr_monograph\137.txt;1864;monograph;1289
fr_monograph\138.txt;1864;monograph;1474
fr_monograph\139.txt;1864;monograph;1355
fr_monograph\140.txt;1864;monograph;1592
fr_monograph\141.txt;1864;monograph;1320
fr_monograph\142.txt;1864;monograph;1205
fr_monograph\143.txt;1864;monograph;1254
fr_monograph\144.txt;1864;monograph;1264
fr_monograph\145.txt;1864;monograph;1385
fr_monograph\146.txt;1864;monograph;1394
fr_monograph\147.txt;1864;monograph;1329
fr_monograph\148.txt;1864;monograph;1233
fr_monograph\149.txt;1864;monograph;1226
fr_monograph\150.txt;1864;monograph;1214
fr_monograph\151.txt;1864;monograph;1425
fr_monograph\152.txt;1864;monograph;1317
fr_monograph\153.txt;1864;monograph;1296
fr_monograph\154.txt;1864;monograph;1281
fr_monograph\155.txt;1864;monograph;1385
fr_monograph\156.txt;1864;monograph;1228
fr_monograph\157.txt;1864;monograph;1772
fr_monograph\158.txt;1864;monograph;1245
fr_monograph\159.txt;1864;monograph;1309
fr_monograph\160.txt;1864;monograph;1360
fr_monograph\161.txt;1864;monograph;1405
fr_monograph\162.txt;1864;monograph;1372
fr_monograph\163.txt;1864;monograph;1254
fr_monograph\164.txt;1864;monograph;1307
fr_monograph\165.txt;1864;monograph;1300
fr_monograph\166.txt;1864;monograph;1368
fr_monograph\167.txt;1864;monograph;1257
fr_monograph\168.txt;1864;monograph;1299
fr_monograph\169.txt;1864;monograph;1296
fr_monograph\170.txt;1864;monograph;1275
fr_monograph\171.txt;1864;monograph;1273
fr_monograph\172.txt;1864;monograph;1478
fr_monograph\173.txt;1864;monograph;1366
fr_monograph\174.txt;1864;monograph;1316
fr_monograph\175.txt;1864;monograph;1295
fr_monograph\176.txt;1864;monograph;1282
fr_monograph\177.txt;1864;monograph;1229
fr_monograph\178.txt;1864;monograph;1451
fr_monograph\179.txt;1857;monograph;1501
fr_monograph\180.txt;1857;monograph;1431
fr_monograph\181.txt;1857;monograph;1336
fr_monograph\182.txt;1857;monograph;1430
fr_monograph\183.txt;1857;monograph;1453
fr_monograph\184.txt;1857;monograph;1387
fr_monograph\185.txt;1857;monograph;1409
fr_monograph\186.txt;1857;monograph;1284
fr_monograph\187.txt;1857;monograph;1460
fr_monograph\188.txt;1857;monograph;1471
fr_monograph\189.txt;1857;monograph;1498
fr_monograph\190.txt;1857;monograph;1329
fr_monograph\191.txt;1857;monograph;1327
fr_monograph\192.txt;1857;monograph;1371
fr_monograph\193.txt;1857;monograph;1380
fr_monograph\194.txt;1857;monograph;1500
fr_monograph\195.txt;1857;monograph;1363
fr_monograph\196.txt;1857;monograph;1295
fr_monograph\197.txt;1857;monograph;1354
fr_monograph\198.txt;1857;monograph;1460
fr_monograph\199.txt;1857;monograph;1464
fr_monograph\200.txt;1857;monograph;1299
fr_monograph\201.txt;1857;monograph;1471
fr_monograph\202.txt;1857;monograph;1473
fr_monograph\203.txt;1857;monograph;1342
fr_monograph\204.txt;1857;monograph;1317
fr_monograph\205.txt;1857;monograph;1430
fr_monograph\206.txt;1857;monograph;1525
fr_monograph\207.txt;1857;monograph;1505
fr_monograph\208.txt;1857;monograph;1449
fr_monograph\209.txt;1857;monograph;1241
fr_monograph\210.txt;1857;monograph;1451
fr_monograph\211.txt;1857;monograph;1381
fr_monograph\212.txt;1857;monograph;1453
fr_monograph\213.txt;1857;monograph;1382
fr_monograph\214.txt;1857;monograph;1237
fr_monograph\215.txt;1857;monograph;1426
fr_monograph\216.txt;1857;monograph;1537
fr_monograph\217.txt;1857;monograph;1470
fr_monograph\218.txt;1857;monograph;1349
fr_monograph\219.txt;1857;monograph;1451
fr_monograph\220.txt;1857;monograph;1549
fr_monograph\221.txt;1857;monograph;1311
fr_monograph\222.txt;1857;monograph;1440
fr_monograph\223.txt;1857;monograph;1403
fr_monograph\224.txt;1857;monograph;1432
fr_monograph\225.txt;1857;monograph;1404
fr_monograph\226.txt;1857;monograph;1478
fr_monograph\227.txt;1857;monograph;1462
fr_monograph\228.txt;1857;monograph;1539
fr_monograph\229.txt;1845;monograph;1244
fr_monograph\230.txt;1845;monograph;1342
fr_monograph\231.txt;1845;monograph;1286
fr_monograph\232.txt;1845;monograph;1342
fr_monograph\233.txt;1845;monograph;1298
fr_monograph\234.txt;1845;monograph;1307
fr_monograph\235.txt;1845;monograph;1280
fr_monograph\236.txt;1845;monograph;1354
fr_monograph\237.txt;1845;monograph;1282
fr_monograph\238.txt;1845;monograph;1303
fr_monograph\239.txt;1845;monograph;1333
fr_monograph\240.txt;1845;monograph;1342
fr_monograph\241.txt;1845;monograph;1254
fr_monograph\242.txt;1845;monograph;1294
fr_monograph\243.txt;1845;monograph;1318
fr_monograph\244.txt;1845;monograph;1310
fr_monograph\245.txt;1845;monograph;1318
fr_monograph\246.txt;1845;monograph;1276
fr_monograph\247.txt;1845;monograph;1347
fr_monograph\248.txt;1845;monograph;1313
fr_monograph\249.txt;1845;monograph;1412
fr_monograph\250.txt;1845;monograph;1357
fr_monograph\251.txt;1845;monograph;1292
fr_monograph\252.txt;1845;monograph;1280
fr_monograph\253.txt;1845;monograph;1287
fr_monograph\254.txt;1845;monograph;1445
fr_monograph\255.txt;1845;monograph;1429
fr_monograph\256.txt;1845;monograph;1377
fr_monograph\257.txt;1845;monograph;1382
fr_monograph\258.txt;1845;monograph;1216
fr_monograph\259.txt;1845;monograph;1288
fr_monograph\260.txt;1845;monograph;1315
fr_monograph\261.txt;1845;monograph;1307
fr_monograph\262.txt;1845;monograph;1279
fr_monograph\263.txt;1845;monograph;1277
fr_monograph\264.txt;1845;monograph;1328
fr_monograph\265.txt;1845;monograph;1286
fr_monograph\266.txt;1845;monograph;1238
fr_monograph\267.txt;1845;monograph;1305
fr_monograph\268.txt;1845;monograph;1319
fr_monograph\269.txt;1845;monograph;1229
fr_monograph\270.txt;1845;monograph;1300
fr_monograph\271.txt;1845;monograph;1325
fr_monograph\272.txt;1845;monograph;1272
fr_monograph\273.txt;1845;monograph;1317
fr_monograph\274.txt;1845;monograph;1270
fr_monograph\275.txt;1845;monograph;1297
fr_monograph\276.txt;1845;monograph;1323
fr_monograph\277.txt;1845;monograph;1289
fr_monograph\278.txt;1845;monograph;1302
fr_monograph\279.txt;1845;monograph;1335
fr_monograph\280.txt;1845;monograph;1317
fr_monograph\281.txt;1845;monograph;1327
fr_monograph\282.txt;1845;monograph;1315
fr_monograph\283.txt;1845;monograph;1232
fr_monograph\284.txt;1845;monograph;1296
fr_monograph\285.txt;1845;monograph;1278
fr_monograph\286.txt;1845;monograph;1315
fr_monograph\287.txt;1845;monograph;1248
fr_monograph\288.txt;1845;monograph;1266
fr_monograph\289.txt;1845;monograph;1267
fr_monograph\290.txt;1845;monograph;1298
fr_monograph\291.txt;1845;monograph;1306
fr_monograph\292.txt;1845;monograph;1345
fr_monograph\293.txt;1845;monograph;1293
fr_monograph\294.txt;1845;monograph;1281
fr_monograph\295.txt;1845;monograph;1290
fr_monograph\296.txt;1845;monograph;1330
fr_monograph\297.txt;1845;monograph;1237
fr_monograph\298.txt;1845;monograph;1233
fr_monograph\299.txt;1845;monograph;1252
fr_monograph\300.txt;1845;monograph;1242
fr_monograph\301.txt;1845;monograph;1287
fr_monograph\302.txt;1845;monograph;1287
fr_monograph\303.txt;1845;monograph;1287
fr_monograph\304.txt;1845;monograph;1979
fr_monograph\305.txt;1845;monograph;2204
fr_monograph\306.txt;1845;monograph;2150
fr_monograph\307.txt;1845;monograph;2258
fr_monograph\308.txt;1845;monograph;2261
fr_monograph\309.txt;1845;monograph;2102
fr_monograph\310.txt;1845;monograph;2010
fr_periodical\49.txt;1867;periodical;4549
fr_periodical\50.txt;1867;periodical;4954
fr_periodical\51.txt;1867;periodical;2601
fr_periodical\52.txt;1867;periodical;4101
fr_periodical\53.txt;1867;periodical;4069
fr_periodical\54.txt;1867;periodical;2524
fr_monograph\311.txt;1820;monograph;1828
fr_monograph\312.txt;1820;monograph;1803
fr_monograph\313.txt;1820;monograph;1808
fr_monograph\314.txt;1820;monograph;1748
fr_monograph\315.txt;1820;monograph;1791
fr_monograph\316.txt;1820;monograph;1755
fr_monograph\317.txt;1820;monograph;1758
fr_monograph\318.txt;1820;monograph;1753
fr_monograph\319.txt;1820;monograph;1990
fr_monograph\320.txt;1820;monograph;1987
fr_monograph\321.txt;1820;monograph;1792
fr_monograph\322.txt;1820;monograph;1774
fr_monograph\323.txt;1820;monograph;1906
fr_monograph\324.txt;1820;monograph;1848
fr_monograph\325.txt;1820;monograph;1762
fr_monograph\326.txt;1820;monograph;2036
fr_monograph\327.txt;1820;monograph;1754
fr_monograph\328.txt;1820;monograph;2040
fr_monograph\329.txt;1820;monograph;2082
fr_monograph\330.txt;1820;monograph;2033
fr_monograph\331.txt;1820;monograph;2086
fr_monograph\332.txt;1820;monograph;1980
fr_monograph\333.txt;1820;monograph;2022
fr_monograph\334.txt;1820;monograph;2046
fr_monograph\335.txt;1820;monograph;2002
fr_monograph\336.txt;1820;monograph;2030
fr_monograph\337.txt;1820;monograph;2085
fr_monograph\338.txt;1820;monograph;1842
fr_monograph\339.txt;1820;monograph;2064
fr_monograph\340.txt;1820;monograph;2070
fr_monograph\341.txt;1820;monograph;1831
fr_monograph\342.txt;1820;monograph;1922
fr_monograph\343.txt;1820;monograph;1797
fr_monograph\344.txt;1820;monograph;1969
fr_monograph\345.txt;1820;monograph;1904
fr_monograph\346.txt;1820;monograph;1802
fr_monograph\347.txt;1820;monograph;1926
fr_monograph\348.txt;1820;monograph;1861
fr_monograph\349.txt;1820;monograph;1902
fr_monograph\350.txt;1820;monograph;1949
fr_monograph\351.txt;1820;monograph;1988
fr_monograph\352.txt;1820;monograph;1995
fr_monograph\353.txt;1820;monograph;1847
fr_monograph\354.txt;1820;monograph;2103
fr_monograph\355.txt;1820;monograph;2054
fr_monograph\356.txt;1820;monograph;1763
fr_monograph\357.txt;1820;monograph;2053
fr_monograph\358.txt;1820;monograph;1993
fr_monograph\359.txt;1820;monograph;2020
fr_monograph\360.txt;1820;monograph;2028
fr_monograph\361.txt;1820;monograph;2035
fr_monograph\362.txt;1820;monograph;2084
fr_monograph\363.txt;1820;monograph;1957
fr_monograph\364.txt;1820;monograph;2126
fr_monograph\365.txt;1890;monograph;1773
fr_monograph\366.txt;1890;monograph;1753
fr_monograph\367.txt;1890;monograph;1756
fr_monograph\368.txt;1890;monograph;1822
fr_monograph\369.txt;1890;monograph;1850
fr_monograph\370.txt;1890;monograph;1779
fr_monograph\371.txt;1890;monograph;1778
fr_monograph\372.txt;1890;monograph;1769
fr_monograph\373.txt;1890;monograph;1798
fr_monograph\374.txt;1890;monograph;1887
fr_monograph\375.txt;1890;monograph;1890
fr_monograph\376.txt;1890;monograph;1937
fr_monograph\377.txt;1890;monograph;1764
fr_monograph\378.txt;1890;monograph;1856
fr_monograph\379.txt;1890;monograph;1868
fr_monograph\380.txt;1890;monograph;1937
fr_monograph\381.txt;1890;monograph;1974
fr_monograph\382.txt;1890;monograph;1903
fr_monograph\383.txt;1890;monograph;1838
fr_monograph\384.txt;1890;monograph;1795
fr_monograph\385.txt;1890;monograph;1831
fr_monograph\386.txt;1890;monograph;1797
fr_monograph\387.txt;1890;monograph;1768
fr_monograph\388.txt;1882;monograph;2628
fr_monograph\389.txt;1882;monograph;3049
fr_monograph\390.txt;1882;monograph;2481
fr_monograph\391.txt;1882;monograph;2642
fr_monograph\392.txt;1882;monograph;2457
fr_monograph\393.txt;1882;monograph;2346
fr_monograph\394.txt;1882;monograph;2993
fr_monograph\395.txt;1882;monograph;2387
fr_monograph\396.txt;1882;monograph;2738
fr_monograph\397.txt;1882;monograph;2482
fr_monograph\398.txt;?;monograph;4843
fr_monograph\399.txt;?;monograph;3957
fr_monograph\400.txt;?;monograph;4431
fr_monograph\401.txt;?;monograph;3182
fr_monograph\402.txt;?;monograph;3802
fr_monograph\403.txt;?;monograph;4515
fr_monograph\404.txt;?;monograph;4058
fr_monograph\405.txt;?;monograph;4506
fr_monograph\406.txt;?;monograph;3662
fr_monograph\407.txt;?;monograph;4718
fr_monograph\408.txt;?;monograph;5248
fr_monograph\409.txt;?;monograph;4225
fr_monograph\410.txt;1876;monograph;1889
fr_monograph\411.txt;1876;monograph;1842
fr_monograph\412.txt;1876;monograph;1815
fr_monograph\413.txt;1876;monograph;1802
fr_monograph\414.txt;1876;monograph;1814
fr_monograph\415.txt;1876;monograph;1814
fr_monograph\416.txt;1876;monograph;2124
fr_monograph\417.txt;1876;monograph;2341
fr_monograph\418.txt;1876;monograph;2477
fr_monograph\419.txt;1876;monograph;2439
fr_monograph\420.txt;1876;monograph;2362
fr_monograph\421.txt;1876;monograph;2630
fr_monograph\422.txt;1876;monograph;2386
fr_monograph\423.txt;1876;monograph;2472
fr_monograph\424.txt;1876;monograph;2267
fr_monograph\425.txt;1876;monograph;2508
fr_monograph\426.txt;?;monograph;1912
fr_monograph\427.txt;?;monograph;1867
fr_monograph\428.txt;1891;monograph;2846
fr_monograph\429.txt;1891;monograph;2718
fr_monograph\430.txt;1891;monograph;3188
fr_monograph\431.txt;1891;monograph;3144
fr_monograph\432.txt;1891;monograph;3073
fr_monograph\433.txt;1891;monograph;3099
fr_monograph\434.txt;1891;monograph;3282
fr_monograph\435.txt;1891;monograph;3223
fr_monograph\436.txt;1891;monograph;2072
fr_monograph\437.txt;1891;monograph;2994
fr_monograph\438.txt;1891;monograph;3171
fr_monograph\439.txt;1891;monograph;3147
fr_monograph\440.txt;1829;monograph;1771
fr_monograph\441.txt;1829;monograph;1867
fr_monograph\442.txt;1829;monograph;2042
fr_monograph\443.txt;1829;monograph;2095
fr_monograph\444.txt;1829;monograph;2006
fr_monograph\445.txt;1829;monograph;2073
fr_monograph\446.txt;1829;monograph;1763
fr_monograph\447.txt;1829;monograph;2000
fr_monograph\448.txt;1829;monograph;2053
fr_monograph\449.txt;1829;monograph;1932
fr_monograph\450.txt;1829;monograph;1793
fr_monograph\451.txt;1829;monograph;1987
fr_monograph\452.txt;?;monograph;4265
fr_monograph\453.txt;?;monograph;4309
fr_monograph\454.txt;?;monograph;4083
fr_monograph\455.txt;?;monograph;3824
fr_monograph\456.txt;?;monograph;4078
fr_monograph\457.txt;?;monograph;3254
fr_monograph\458.txt;?;monograph;4016
fr_monograph\459.txt;?;monograph;3890
fr_monograph\460.txt;?;monograph;3842
fr_monograph\461.txt;?;monograph;4377
fr_monograph\462.txt;?;monograph;3562
fr_monograph\463.txt;1868;monograph;1927
fr_monograph\464.txt;1868;monograph;2010
fr_monograph\465.txt;1868;monograph;1805
fr_monograph\466.txt;1868;monograph;1832
fr_monograph\467.txt;1868;monograph;1887
fr_monograph\468.txt;1868;monograph;1844
fr_monograph\469.txt;1868;monograph;1779
fr_monograph\470.txt;1868;monograph;1808
fr_monograph\471.txt;1868;monograph;1834
fr_monograph\472.txt;1868;monograph;1929
fr_monograph\473.txt;1868;monograph;1945
fr_monograph\474.txt;1871;monograph;2410
fr_monograph\475.txt;1871;monograph;3101
fr_monograph\476.txt;1871;monograph;3331
fr_monograph\477.txt;1871;monograph;3180
fr_monograph\478.txt;1871;monograph;2970
fr_monograph\479.txt;1871;monograph;3398
fr_monograph\480.txt;1871;monograph;3074
fr_monograph\481.txt;1871;monograph;3089
fr_monograph\482.txt;1871;monograph;3293
fr_monograph\483.txt;1871;monograph;3174
fr_monograph\484.txt;1871;monograph;3220
fr_monograph\485.txt;1871;monograph;3303
fr_monograph\486.txt;1871;monograph;3177
fr_monograph\487.txt;1871;monograph;3193
fr_monograph\488.txt;1871;monograph;3033
fr_monograph\489.txt;1871;monograph;3198
fr_monograph\490.txt;1871;monograph;3190
fr_monograph\491.txt;1871;monograph;2982
fr_monograph\492.txt;1871;monograph;3048
fr_monograph\493.txt;1871;monograph;3314
fr_monograph\494.txt;1871;monograph;3212
fr_monograph\495.txt;1871;monograph;3088
fr_monograph\496.txt;1871;monograph;3028
fr_monograph\497.txt;1871;monograph;3135
fr_monograph\498.txt;1871;monograph;3402
fr_monograph\499.txt;1871;monograph;3193
fr_monograph\500.txt;1871;monograph;3211
fr_monograph\501.txt;1871;monograph;3105
fr_monograph\502.txt;1871;monograph;2976
fr_monograph\503.txt;1871;monograph;3172
fr_monograph\504.txt;1871;monograph;3256
fr_monograph\505.txt;1874;monograph;2494
fr_monograph\506.txt;1874;monograph;2720
fr_monograph\507.txt;1874;monograph;2809
fr_monograph\508.txt;1874;monograph;2533
fr_monograph\509.txt;1874;monograph;2723
fr_monograph\510.txt;1874;monograph;2589
fr_monograph\511.txt;1873;monograph;1798
fr_monograph\512.txt;1873;monograph;1790
fr_monograph\513.txt;1873;monograph;1943
fr_monograph\514.txt;1873;monograph;1878
fr_monograph\515.txt;1873;monograph;1808
fr_monograph\516.txt;1873;monograph;1819
fr_monograph\517.txt;1873;monograph;1895
fr_monograph\518.txt;1873;monograph;1824
fr_monograph\519.txt;1873;monograph;1867
fr_monograph\520.txt;1873;monograph;1798
fr_monograph\521.txt;1873;monograph;1943
fr_monograph\522.txt;1873;monograph;1908
fr_monograph\523.txt;1873;monograph;1909
fr_monograph\524.txt;1873;monograph;1938
fr_monograph\525.txt;1873;monograph;1920
fr_monograph\526.txt;1873;monograph;1855
fr_monograph\527.txt;1873;monograph;1794
fr_monograph\528.txt;1873;monograph;1836
fr_monograph\529.txt;1873;monograph;1983
fr_monograph\530.txt;1873;monograph;1795
fr_monograph\531.txt;1873;monograph;1951
fr_monograph\532.txt;1897;monograph;2586
fr_monograph\533.txt;1892;monograph;2032
fr_monograph\534.txt;1892;monograph;3008
fr_monograph\535.txt;1892;monograph;3130
fr_monograph\536.txt;1892;monograph;2190
fr_monograph\537.txt;1892;monograph;1837
fr_monograph\538.txt;1892;monograph;2532
fr_monograph\539.txt;1892;monograph;2531
fr_monograph\540.txt;1892;monograph;3037
fr_monograph\541.txt;1842;monograph;1874
fr_monograph\542.txt;1842;monograph;2235
fr_monograph\543.txt;1842;monograph;1968
fr_monograph\544.txt;1842;monograph;1849
fr_monograph\545.txt;1842;monograph;1806
fr_monograph\546.txt;1886;monograph;1980
fr_monograph\547.txt;1886;monograph;1999
fr_monograph\548.txt;1886;monograph;1837
fr_monograph\549.txt;1886;monograph;1836
fr_monograph\550.txt;1886;monograph;2007
fr_monograph\551.txt;1886;monograph;1904
fr_monograph\552.txt;1886;monograph;2050
fr_monograph\553.txt;1886;monograph;1971
fr_monograph\554.txt;1886;monograph;1851
fr_monograph\555.txt;1886;monograph;2048
fr_monograph\556.txt;1886;monograph;1870
fr_monograph\557.txt;1886;monograph;2014
fr_monograph\558.txt;1886;monograph;2124
fr_monograph\559.txt;1886;monograph;2195
fr_monograph\560.txt;1886;monograph;2201
fr_monograph\561.txt;1886;monograph;1965
fr_monograph\562.txt;1886;monograph;2074
fr_monograph\563.txt;1886;monograph;2095
fr_monograph\564.txt;1886;monograph;2050
fr_monograph\565.txt;1886;monograph;2187
fr_monograph\566.txt;1886;monograph;1993
fr_monograph\567.txt;1886;monograph;2061
fr_monograph\568.txt;1886;monograph;2063
fr_monograph\569.txt;1886;monograph;2139
fr_monograph\570.txt;1886;monograph;2083
fr_monograph\571.txt;1886;monograph;2179
fr_monograph\572.txt;1886;monograph;2149
fr_monograph\573.txt;1886;monograph;2085
fr_monograph\574.txt;1886;monograph;2043
fr_monograph\575.txt;1886;monograph;2140
fr_monograph\576.txt;1886;monograph;2128
fr_monograph\577.txt;1886;monograph;2141
fr_monograph\578.txt;1886;monograph;2159
fr_monograph\579.txt;1886;monograph;2029
fr_monograph\580.txt;1886;monograph;2045
fr_monograph\581.txt;1886;monograph;1938
fr_monograph\582.txt;1886;monograph;2159
fr_monograph\583.txt;1886;monograph;1902
fr_monograph\584.txt;1886;monograph;2057
fr_monograph\585.txt;1886;monograph;2120
fr_monograph\586.txt;1886;monograph;2179
fr_monograph\587.txt;1886;monograph;1973
fr_monograph\588.txt;1886;monograph;2096
fr_monograph\589.txt;1886;monograph;1833
fr_monograph\590.txt;1886;monograph;1755
fr_monograph\591.txt;1886;monograph;2195
fr_monograph\592.txt;1886;monograph;1896
fr_monograph\593.txt;1886;monograph;1831
fr_monograph\594.txt;1886;monograph;1981
fr_monograph\595.txt;1886;monograph;2181
fr_monograph\596.txt;1886;monograph;1834
fr_monograph\597.txt;1886;monograph;2099
fr_monograph\598.txt;1886;monograph;2111
fr_monograph\599.txt;1886;monograph;2029
fr_monograph\600.txt;1886;monograph;2071
fr_monograph\601.txt;1886;monograph;2035
fr_monograph\602.txt;1886;monograph;1924
fr_monograph\603.txt;1886;monograph;2101
fr_monograph\604.txt;1886;monograph;1841
fr_monograph\605.txt;1886;monograph;2095
fr_monograph\606.txt;1886;monograph;2042
fr_monograph\607.txt;1886;monograph;2106
fr_monograph\608.txt;1886;monograph;1947
fr_monograph\609.txt;1886;monograph;2096
fr_monograph\610.txt;1886;monograph;2142
fr_monograph\611.txt;1886;monograph;2185
fr_monograph\612.txt;1886;monograph;2139
fr_monograph\613.txt;1886;monograph;1872
fr_monograph\614.txt;1886;monograph;1856
fr_monograph\615.txt;1886;monograph;2033
fr_monograph\616.txt;1886;monograph;2108
fr_monograph\617.txt;1886;monograph;2074
fr_monograph\618.txt;1886;monograph;2204
fr_monograph\619.txt;1886;monograph;2185
fr_monograph\620.txt;1886;monograph;2168
fr_monograph\621.txt;1886;monograph;2045
fr_monograph\622.txt;1886;monograph;2030
fr_monograph\623.txt;1886;monograph;2079
fr_monograph\624.txt;1886;monograph;2042
fr_monograph\625.txt;1886;monograph;2118
fr_monograph\626.txt;1886;monograph;1994
fr_monograph\627.txt;1886;monograph;1838
fr_monograph\628.txt;1886;monograph;2156
fr_monograph\629.txt;1886;monograph;2187
fr_monograph\630.txt;1886;monograph;1974
fr_monograph\631.txt;1886;monograph;1999
fr_monograph\632.txt;1886;monograph;1877
fr_monograph\633.txt;1886;monograph;1914
fr_monograph\634.txt;1886;monograph;1852
fr_monograph\635.txt;1886;monograph;1970
fr_monograph\636.txt;1886;monograph;1992
fr_monograph\637.txt;1886;monograph;2146
fr_monograph\638.txt;1886;monograph;1856
fr_monograph\639.txt;1886;monograph;2051
fr_monograph\640.txt;1886;monograph;2021
fr_monograph\641.txt;1886;monograph;2087
fr_monograph\642.txt;1886;monograph;2012
fr_monograph\643.txt;1886;monograph;2027
fr_monograph\644.txt;1886;monograph;1919
fr_monograph\645.txt;1886;monograph;1984
fr_monograph\646.txt;1886;monograph;2065
fr_monograph\647.txt;1886;monograph;2176
fr_monograph\648.txt;1886;monograph;1901
fr_monograph\649.txt;1886;monograph;1908
fr_monograph\650.txt;1886;monograph;2023
fr_monograph\651.txt;1886;monograph;2055
fr_monograph\652.txt;1886;monograph;1788
fr_monograph\653.txt;1886;monograph;1990
fr_monograph\654.txt;1886;monograph;2026
fr_monograph\655.txt;1886;monograph;2176
fr_monograph\656.txt;1886;monograph;2077
fr_monograph\657.txt;1886;monograph;2074
fr_monograph\658.txt;1886;monograph;2015
fr_monograph\659.txt;1886;monograph;2204
fr_monograph\660.txt;1886;monograph;2149
fr_monograph\661.txt;1886;monograph;2110
fr_monograph\662.txt;1886;monograph;1993
fr_monograph\663.txt;1886;monograph;1842
fr_monograph\664.txt;1886;monograph;2046
fr_monograph\665.txt;1886;monograph;2020
fr_monograph\666.txt;1886;monograph;2108
fr_monograph\667.txt;1886;monograph;2264
fr_monograph\668.txt;1886;monograph;1781
fr_monograph\669.txt;1820;monograph;1810
fr_monograph\670.txt;1820;monograph;1823
fr_monograph\671.txt;1820;monograph;1860
fr_monograph\672.txt;1820;monograph;1814
fr_monograph\673.txt;1820;monograph;1863
fr_monograph\674.txt;1820;monograph;1846
fr_monograph\675.txt;1820;monograph;1827
fr_monograph\676.txt;1820;monograph;1792
fr_monograph\677.txt;1852;monograph;2989
fr_monograph\678.txt;1852;monograph;3463
fr_monograph\679.txt;1852;monograph;3347
fr_monograph\680.txt;1852;monograph;3154
fr_monograph\681.txt;1852;monograph;3088
fr_monograph\682.txt;1852;monograph;3324
fr_monograph\683.txt;1852;monograph;3627
fr_monograph\684.txt;1882;monograph;3187
fr_monograph\685.txt;1882;monograph;3276
fr_monograph\686.txt;1882;monograph;3380
fr_monograph\687.txt;1882;monograph;3432
fr_monograph\688.txt;1882;monograph;3284
fr_monograph\689.txt;1882;monograph;3424
fr_monograph\690.txt;1882;monograph;3092
fr_monograph\691.txt;1863;monograph;1940
fr_monograph\692.txt;1863;monograph;1822
fr_monograph\693.txt;1863;monograph;1830
fr_monograph\694.txt;1863;monograph;1776
fr_monograph\695.txt;1863;monograph;1825
fr_monograph\696.txt;1863;monograph;1816
fr_monograph\697.txt;1863;monograph;1799
fr_monograph\698.txt;1863;monograph;1873
fr_monograph\699.txt;1875;monograph;1773
fr_monograph\700.txt;1875;monograph;1841
fr_monograph\701.txt;1842;monograph;2002
fr_monograph\702.txt;1842;monograph;1881
fr_monograph\703.txt;1842;monograph;1814
fr_monograph\704.txt;1842;monograph;1861
fr_monograph\705.txt;1842;monograph;1961
fr_monograph\706.txt;1943;monograph;1999
fr_monograph\707.txt;1943;monograph;2396
fr_monograph\708.txt;1870;monograph;1802
fr_monograph\709.txt;1870;monograph;1772
fr_monograph\710.txt;1870;monograph;1795
fr_monograph\711.txt;1870;monograph;1767
fr_monograph\712.txt;1870;monograph;1769
fr_monograph\713.txt;1686;monograph;1769
fr_monograph\714.txt;1686;monograph;1753
fr_monograph\715.txt;1686;monograph;1767
fr_monograph\716.txt;1686;monograph;1804
fr_monograph\717.txt;1858;monograph;2316
fr_monograph\718.txt;1858;monograph;2412
fr_monograph\719.txt;1858;monograph;2306
fr_monograph\720.txt;1858;monograph;2413
fr_monograph\721.txt;1858;monograph;2381
fr_monograph\722.txt;1858;monograph;2423
fr_monograph\723.txt;1858;monograph;2272
fr_monograph\724.txt;1858;monograph;1907
fr_monograph\725.txt;1858;monograph;2191
fr_monograph\726.txt;1858;monograph;2091
fr_monograph\727.txt;1858;monograph;2341
fr_monograph\728.txt;1858;monograph;1882
fr_monograph\729.txt;1858;monograph;2413
fr_monograph\730.txt;1858;monograph;2317
fr_monograph\731.txt;1858;monograph;2207
fr_monograph\732.txt;1858;monograph;2033
fr_monograph\733.txt;1858;monograph;2217
fr_monograph\734.txt;1858;monograph;2111
fr_monograph\735.txt;1858;monograph;1961
fr_monograph\736.txt;1858;monograph;1800
fr_monograph\737.txt;1858;monograph;2439
fr_monograph\738.txt;1858;monograph;2357
fr_monograph\739.txt;1858;monograph;2385
fr_monograph\740.txt;1858;monograph;1888
fr_monograph\741.txt;1858;monograph;1928
fr_monograph\742.txt;1858;monograph;1998
fr_monograph\743.txt;1858;monograph;1871
fr_monograph\744.txt;1858;monograph;2428
fr_monograph\745.txt;1858;monograph;2349
fr_monograph\746.txt;1858;monograph;2423
fr_monograph\747.txt;1858;monograph;2162
fr_monograph\748.txt;1858;monograph;2003
fr_monograph\749.txt;1858;monograph;2324
fr_monograph\750.txt;1858;monograph;2304
fr_monograph\751.txt;1858;monograph;2362
fr_monograph\752.txt;1858;monograph;1810
fr_monograph\753.txt;1858;monograph;2435
fr_monograph\754.txt;1858;monograph;2394
fr_monograph\755.txt;1858;monograph;1982
fr_monograph\756.txt;1858;monograph;2384
fr_monograph\757.txt;1858;monograph;2386
fr_monograph\758.txt;1858;monograph;2273
fr_monograph\759.txt;1858;monograph;1887
fr_monograph\760.txt;1858;monograph;2354
fr_monograph\761.txt;1858;monograph;2298
fr_monograph\762.txt;1858;monograph;2326
fr_monograph\763.txt;1858;monograph;1838
fr_monograph\764.txt;1858;monograph;2427
fr_monograph\765.txt;1858;monograph;2270
fr_monograph\766.txt;1858;monograph;2081
fr_monograph\767.txt;1858;monograph;2260
fr_monograph\768.txt;1858;monograph;2278
fr_monograph\769.txt;1858;monograph;2254
fr_monograph\770.txt;1858;monograph;2143
fr_monograph\771.txt;1858;monograph;1882
fr_monograph\772.txt;1858;monograph;2352
fr_monograph\773.txt;1858;monograph;2339
fr_monograph\774.txt;1858;monograph;2427
fr_monograph\775.txt;1858;monograph;2399
fr_monograph\776.txt;1858;monograph;1795
fr_monograph\777.txt;1858;monograph;2453
fr_monograph\778.txt;1858;monograph;2220
fr_monograph\779.txt;1858;monograph;2005
fr_monograph\780.txt;1858;monograph;2063
fr_monograph\781.txt;1858;monograph;2388
fr_monograph\782.txt;1858;monograph;1793
fr_monograph\783.txt;1858;monograph;2397
fr_monograph\784.txt;1858;monograph;2393
fr_monograph\785.txt;1858;monograph;2319
fr_monograph\786.txt;1858;monograph;1984
fr_monograph\787.txt;1858;monograph;2376
fr_monograph\788.txt;1858;monograph;2196
fr_monograph\789.txt;1858;monograph;1984
fr_monograph\790.txt;1858;monograph;1843
fr_monograph\791.txt;1858;monograph;2319
fr_monograph\792.txt;1858;monograph;2316
fr_monograph\793.txt;1858;monograph;2091
fr_monograph\794.txt;1858;monograph;1973
fr_monograph\795.txt;1858;monograph;2181
fr_monograph\796.txt;1858;monograph;2025
fr_monograph\797.txt;1858;monograph;2413
fr_monograph\798.txt;1858;monograph;2373
fr_monograph\799.txt;1858;monograph;2435
fr_monograph\800.txt;1858;monograph;1824
fr_monograph\801.txt;1858;monograph;2401
fr_monograph\802.txt;1858;monograph;1852
fr_monograph\803.txt;1858;monograph;2126
fr_monograph\804.txt;1858;monograph;2000
fr_monograph\805.txt;1858;monograph;2257
fr_monograph\806.txt;1858;monograph;1950
fr_monograph\807.txt;1858;monograph;2152
fr_monograph\808.txt;1858;monograph;1827
fr_monograph\809.txt;1858;monograph;2089
fr_monograph\810.txt;1858;monograph;1842
fr_monograph\811.txt;1858;monograph;2407
fr_monograph\812.txt;1858;monograph;2417
fr_monograph\813.txt;1858;monograph;2355
fr_monograph\814.txt;1858;monograph;1866
fr_monograph\815.txt;1858;monograph;2408
fr_monograph\816.txt;1858;monograph;1892
fr_monograph\817.txt;1858;monograph;2114
fr_monograph\818.txt;1858;monograph;1947
fr_monograph\819.txt;1858;monograph;2112
fr_monograph\820.txt;1858;monograph;2413
fr_monograph\821.txt;1858;monograph;2118
fr_monograph\822.txt;1858;monograph;2349
fr_monograph\823.txt;1858;monograph;2302
fr_monograph\824.txt;1858;monograph;2258
fr_monograph\825.txt;1858;monograph;2272
fr_monograph\826.txt;1858;monograph;2182
fr_monograph\827.txt;1858;monograph;1925
fr_monograph\828.txt;1858;monograph;2408
fr_monograph\829.txt;1858;monograph;2337
fr_monograph\830.txt;1858;monograph;2051
fr_monograph\831.txt;1858;monograph;2362
fr_monograph\832.txt;1858;monograph;2090
fr_monograph\833.txt;1858;monograph;2285
fr_monograph\834.txt;1858;monograph;2017
fr_monograph\835.txt;1858;monograph;2240
fr_monograph\836.txt;1858;monograph;2309
fr_monograph\837.txt;1858;monograph;1753
fr_monograph\838.txt;1858;monograph;1815
fr_monograph\839.txt;1858;monograph;2344
fr_monograph\840.txt;1858;monograph;2355
fr_monograph\841.txt;1858;monograph;2071
fr_monograph\842.txt;1858;monograph;1941
fr_monograph\843.txt;1858;monograph;2054
fr_monograph\844.txt;1858;monograph;2325
fr_monograph\845.txt;1858;monograph;2337
fr_monograph\846.txt;1858;monograph;1849
fr_monograph\847.txt;1858;monograph;2353
fr_monograph\848.txt;1858;monograph;2319
fr_monograph\849.txt;1858;monograph;2441
fr_monograph\850.txt;1858;monograph;1929
fr_monograph\851.txt;1858;monograph;2405
fr_monograph\852.txt;1858;monograph;2433
fr_monograph\853.txt;1858;monograph;2426
fr_monograph\854.txt;1858;monograph;1889
fr_monograph\855.txt;1858;monograph;2068
fr_monograph\856.txt;1858;monograph;2287
fr_monograph\857.txt;1858;monograph;2113
fr_monograph\858.txt;1858;monograph;1828
fr_monograph\859.txt;1858;monograph;1968
fr_monograph\860.txt;1858;monograph;1877
fr_monograph\861.txt;1858;monograph;1976
fr_monograph\862.txt;1858;monograph;1893
fr_monograph\863.txt;1858;monograph;2413
fr_monograph\864.txt;1858;monograph;2421
fr_monograph\865.txt;1858;monograph;2255
fr_monograph\866.txt;1858;monograph;2270
fr_monograph\867.txt;1858;monograph;1949
fr_monograph\868.txt;1858;monograph;2149
fr_monograph\869.txt;1858;monograph;2317
fr_monograph\870.txt;1858;monograph;2324
fr_monograph\871.txt;1858;monograph;2289
fr_monograph\872.txt;1858;monograph;2283
fr_monograph\873.txt;1858;monograph;2008
fr_monograph\874.txt;1858;monograph;2122
fr_monograph\875.txt;1858;monograph;2032
fr_monograph\876.txt;1858;monograph;2327
fr_monograph\877.txt;1858;monograph;2371
fr_monograph\878.txt;1858;monograph;2230
fr_monograph\879.txt;1858;monograph;2227
fr_monograph\880.txt;1858;monograph;2300
fr_monograph\881.txt;1858;monograph;1849
fr_monograph\882.txt;1858;monograph;2382
fr_monograph\883.txt;1858;monograph;1807
fr_monograph\884.txt;1858;monograph;2389
fr_monograph\885.txt;1858;monograph;2290
fr_monograph\886.txt;1858;monograph;2342
fr_monograph\887.txt;1858;monograph;2380
fr_monograph\888.txt;1858;monograph;1894
fr_monograph\889.txt;1858;monograph;2160
fr_monograph\890.txt;1858;monograph;2068
fr_monograph\891.txt;1858;monograph;2005
fr_monograph\892.txt;1858;monograph;2123
fr_monograph\893.txt;1858;monograph;2189
fr_monograph\894.txt;1858;monograph;2176
fr_monograph\895.txt;1858;monograph;2167
fr_monograph\896.txt;1858;monograph;1818
fr_monograph\897.txt;1858;monograph;2120
fr_monograph\898.txt;1858;monograph;1854
fr_monograph\899.txt;1858;monograph;1868
fr_monograph\900.txt;1858;monograph;2148
fr_monograph\901.txt;1858;monograph;2175
fr_monograph\902.txt;1858;monograph;2434
fr_monograph\903.txt;1858;monograph;2178
fr_monograph\904.txt;1858;monograph;2220
fr_monograph\905.txt;1858;monograph;1802
fr_monograph\906.txt;1858;monograph;2387
fr_monograph\907.txt;1858;monograph;1835
fr_monograph\908.txt;1858;monograph;2075
fr_monograph\909.txt;1858;monograph;2101
fr_monograph\910.txt;1858;monograph;2252
fr_monograph\911.txt;1858;monograph;1886
fr_monograph\912.txt;1858;monograph;1804
fr_monograph\913.txt;1858;monograph;2356
fr_monograph\914.txt;1858;monograph;1792
fr_monograph\915.txt;1858;monograph;2363
fr_monograph\916.txt;1858;monograph;2311
fr_monograph\917.txt;1858;monograph;2399
fr_monograph\918.txt;1858;monograph;2340
fr_monograph\919.txt;1858;monograph;1792
fr_monograph\920.txt;1858;monograph;2070
fr_monograph\921.txt;1858;monograph;2343
fr_monograph\922.txt;1858;monograph;2315
fr_monograph\923.txt;1858;monograph;1839
fr_monograph\924.txt;1858;monograph;2289
fr_monograph\925.txt;1858;monograph;2349
fr_monograph\926.txt;1858;monograph;2345
fr_monograph\927.txt;1858;monograph;2373
fr_monograph\928.txt;1858;monograph;1839
fr_monograph\929.txt;1858;monograph;2348
fr_monograph\930.txt;1858;monograph;1797
fr_monograph\931.txt;1858;monograph;2393
fr_monograph\932.txt;1858;monograph;2400
fr_monograph\933.txt;1858;monograph;2368
fr_monograph\934.txt;1858;monograph;2290
fr_monograph\935.txt;1858;monograph;1950
fr_monograph\936.txt;1858;monograph;2352
fr_monograph\937.txt;1858;monograph;2296
fr_monograph\938.txt;1858;monograph;1863
fr_monograph\939.txt;1858;monograph;2368
fr_monograph\940.txt;1858;monograph;2296
fr_monograph\941.txt;1858;monograph;2374
fr_monograph\942.txt;1858;monograph;2365
fr_monograph\943.txt;1858;monograph;2088
fr_monograph\944.txt;1858;monograph;1943
fr_monograph\945.txt;1858;monograph;2329
fr_monograph\946.txt;1858;monograph;2276
fr_monograph\947.txt;1858;monograph;2300
fr_monograph\948.txt;1858;monograph;1819
fr_monograph\949.txt;1858;monograph;2295
fr_monograph\950.txt;1858;monograph;2344
fr_monograph\951.txt;1858;monograph;2385
fr_monograph\952.txt;1858;monograph;2280
fr_monograph\953.txt;1858;monograph;2149
fr_monograph\954.txt;1858;monograph;1833
fr_monograph\955.txt;1858;monograph;1923
fr_monograph\956.txt;1858;monograph;2444
fr_monograph\957.txt;1858;monograph;2262
fr_monograph\958.txt;1858;monograph;1847
fr_monograph\959.txt;1858;monograph;2366
fr_monograph\960.txt;1858;monograph;1921
fr_monograph\961.txt;1858;monograph;2150
fr_monograph\962.txt;1858;monograph;1776
fr_monograph\963.txt;1858;monograph;1942
fr_monograph\964.txt;1858;monograph;1998
fr_monograph\965.txt;1858;monograph;1852
fr_monograph\966.txt;1858;monograph;2014
fr_monograph\967.txt;1858;monograph;2207
fr_monograph\968.txt;1858;monograph;1886
fr_monograph\969.txt;1858;monograph;1857
fr_monograph\970.txt;1858;monograph;2193
fr_monograph\971.txt;1858;monograph;1795
fr_monograph\972.txt;1858;monograph;2242
fr_monograph\973.txt;1858;monograph;2316
fr_monograph\974.txt;1858;monograph;2230
fr_monograph\975.txt;1858;monograph;2016
fr_monograph\976.txt;1858;monograph;2216
fr_monograph\977.txt;1850;monograph;3515
fr_monograph\978.txt;1850;monograph;2677
fr_monograph\979.txt;1850;monograph;2580
fr_monograph\980.txt;1850;monograph;3588
fr_monograph\981.txt;?;monograph;1755
fr_monograph\982.txt;?;monograph;1987
fr_monograph\983.txt;?;monograph;1977
fr_monograph\984.txt;?;monograph;1794
fr_periodical\55.txt;1887;periodical;33791
fr_periodical\56.txt;1887;periodical;30010
fr_periodical\57.txt;1887;periodical;34305
fr_periodical\58.txt;1887;periodical;36439
fr_periodical\59.txt;1887;periodical;28615
fr_periodical\60.txt;1887;periodical;36806
fr_periodical\61.txt;1918;periodical;34182
fr_periodical\62.txt;1870;periodical;28249
fr_periodical\63.txt;1870;periodical;36551
fr_periodical\64.txt;1871;periodical;37319
fr_periodical\65.txt;1871;periodical;27770
fr_periodical\66.txt;1871;periodical;35790
fr_periodical\67.txt;1871;periodical;29610
fr_periodical\68.txt;1871;periodical;35220
fr_monograph\985.txt;1785;monograph;192
fr_monograph\986.txt;1785;monograph;560
fr_monograph\987.txt;1785;monograph;926
fr_monograph\988.txt;1785;monograph;941
fr_monograph\989.txt;1785;monograph;831
fr_monograph\990.txt;1785;monograph;546
fr_monograph\991.txt;1785;monograph;1078
fr_monograph\992.txt;1785;monograph;1077
fr_monograph\993.txt;1785;monograph;1205
fr_monograph\994.txt;1785;monograph;1004
fr_monograph\995.txt;1785;monograph;907
fr_monograph\996.txt;1785;monograph;1141
fr_monograph\997.txt;1785;monograph;1098
fr_monograph\998.txt;1785;monograph;1034
fr_monograph\999.txt;1822;monograph;739
fr_monograph\1000.txt;1822;monograph;810
fr_monograph\1001.txt;1822;monograph;942
fr_monograph\1002.txt;1822;monograph;1036
fr_monograph\1003.txt;1822;monograph;1078
fr_monograph\1004.txt;1822;monograph;268
fr_monograph\1005.txt;2000;monograph;75
fr_monograph\1006.txt;2000;monograph;55
fr_monograph\1007.txt;2000;monograph;1628
fr_monograph\1008.txt;2000;monograph;720
fr_monograph\1009.txt;2000;monograph;1866
fr_monograph\1010.txt;1654;monograph;315
fr_monograph\1011.txt;1654;monograph;753
fr_monograph\1012.txt;1654;monograph;1189
fr_monograph\1013.txt;1654;monograph;1198
fr_monograph\1014.txt;1654;monograph;1207
fr_monograph\1015.txt;1654;monograph;975
fr_monograph\1016.txt;1654;monograph;540
fr_monograph\1017.txt;1654;monograph;718
fr_monograph\1018.txt;1654;monograph;1335
fr_monograph\1019.txt;1654;monograph;796
fr_monograph\1020.txt;1654;monograph;1376
fr_monograph\1021.txt;1654;monograph;1332
fr_monograph\1022.txt;1654;monograph;1308
fr_monograph\1023.txt;1784;monograph;681
fr_monograph\1024.txt;1784;monograph;905
fr_monograph\1025.txt;1784;monograph;958
fr_monograph\1026.txt;1784;monograph;1149
fr_monograph\1027.txt;1784;monograph;559
fr_monograph\1028.txt;1784;monograph;2278
fr_monograph\1029.txt;1784;monograph;892
fr_monograph\1030.txt;1784;monograph;922
fr_monograph\1031.txt;1784;monograph;1002
fr_monograph\1032.txt;1784;monograph;1019
fr_monograph\1033.txt;1784;monograph;996
fr_monograph\1034.txt;1784;monograph;1073
fr_monograph\1035.txt;1784;monograph;978
fr_monograph\1036.txt;1784;monograph;1084
fr_monograph\1037.txt;1784;monograph;758
fr_monograph\1038.txt;1784;monograph;932
fr_monograph\1039.txt;1784;monograph;950
fr_monograph\1040.txt;1784;monograph;1204
fr_periodical\69.txt;1916;periodical;5374
fr_periodical\70.txt;1916;periodical;5772
fr_periodical\71.txt;1916;periodical;5189
fr_periodical\72.txt;1916;periodical;6289
fr_periodical\73.txt;1916;periodical;5110
fr_periodical\74.txt;1916;periodical;8730
fr_periodical\75.txt;1916;periodical;5302
fr_periodical\76.txt;1916;periodical;8343
fr_periodical\77.txt;1916;periodical;5864
fr_monograph\1041.txt;1773;monograph;394
fr_monograph\1042.txt;1773;monograph;712
fr_monograph\1043.txt;1773;monograph;483
fr_monograph\1044.txt;1773;monograph;305
fr_monograph\1045.txt;1773;monograph;805
fr_monograph\1046.txt;1773;monograph;1397
fr_monograph\1047.txt;1773;monograph;1422
fr_monograph\1048.txt;1773;monograph;1387
fr_monograph\1049.txt;1773;monograph;1492
fr_monograph\1050.txt;1773;monograph;1429
fr_monograph\1051.txt;1773;monograph;1833
fr_monograph\1052.txt;1773;monograph;1526
fr_monograph\1053.txt;1731;monograph;1616
fr_monograph\1054.txt;1864;monograph;870
fr_monograph\1055.txt;1864;monograph;1309
fr_monograph\1056.txt;1864;monograph;1318
fr_monograph\1057.txt;1863;monograph;1186
fr_monograph\1058.txt;1863;monograph;1622
fr_monograph\1059.txt;1862;monograph;2331
fr_monograph\1060.txt;1862;monograph;2570
fr_monograph\1061.txt;1862;monograph;2340
fr_monograph\1062.txt;1862;monograph;2071
fr_monograph\1063.txt;1907;monograph;1247
fr_monograph\1064.txt;1907;monograph;1240
fr_monograph\1065.txt;1907;monograph;783
fr_monograph\1066.txt;1907;monograph;1242
fr_monograph\1067.txt;1907;monograph;1218
fr_monograph\1068.txt;1828;monograph;1201
fr_monograph\1069.txt;1833;monograph;2927
fr_monograph\1070.txt;1918;monograph;1013
fr_monograph\1071.txt;1918;monograph;2020
fr_monograph\1072.txt;1918;monograph;2236
fr_monograph\1073.txt;1918;monograph;1521
fr_monograph\1074.txt;1918;monograph;2120
fr_monograph\1075.txt;1918;monograph;1992
fr_monograph\1076.txt;1918;monograph;1856
fr_monograph\1077.txt;1918;monograph;948
fr_monograph\1078.txt;1918;monograph;1810
fr_monograph\1079.txt;1918;monograph;2189
fr_monograph\1080.txt;1918;monograph;1959
fr_monograph\1081.txt;1918;monograph;1771
fr_monograph\1082.txt;1918;monograph;2009
fr_monograph\1083.txt;1918;monograph;1675
fr_monograph\1084.txt;1918;monograph;1960
fr_monograph\1085.txt;1850;monograph;2831
fr_periodical\78.txt;1913;periodical;21979
fr_periodical\79.txt;1925;periodical;23235
fr_periodical\80.txt;1925;periodical;36176
fr_periodical\81.txt;1925;periodical;22073
fr_periodical\82.txt;1925;periodical;25276
fr_periodical\83.txt;1925;periodical;36720
fr_periodical\84.txt;1925;periodical;6487
fr_periodical\85.txt;1934;periodical;3413
fr_periodical\86.txt;1934;periodical;5799
fr_periodical\87.txt;1934;periodical;4994
fr_periodical\88.txt;1934;periodical;6704
fr_periodical\89.txt;1934;periodical;10220
fr_periodical\90.txt;1934;periodical;6519
fr_periodical\91.txt;1934;periodical;4485
fr_periodical\92.txt;1934;periodical;4784
fr_periodical\93.txt;1934;periodical;10352
fr_periodical\94.txt;1934;periodical;11027
fr_periodical\95.txt;1897;periodical;34367
fr_periodical\96.txt;1897;periodical;39632
fr_periodical\97.txt;1897;periodical;33576
fr_periodical\98.txt;1897;periodical;19251
fr_periodical\99.txt;1897;periodical;31143
fr_periodical\100.txt;1897;periodical;38185
fr_periodical\101.txt;1897;periodical;33031
fr_periodical\102.txt;1897;periodical;13114
fr_periodical\103.txt;1897;periodical;32652
fr_periodical\104.txt;1897;periodical;35788
fr_periodical\105.txt;1897;periodical;28175
fr_periodical\106.txt;1897;periodical;25570
fr_periodical\107.txt;?;periodical;13087
fr_periodical\108.txt;?;periodical;11782
